Date,Temperature,Dew/Frost Point,Wet Bulb Temperature,Earth Skin Temperature,Min Temperature,Max Temperature,Specific Humidity,Relative Humidity,Precipitation,Day Peak,Evening Peak,Off Peak
01/01/2021,18.76,14.99,16.87,18.62,14.3,23.85,10.56,79.94,0,932,1039,752
01/02/2021,18.61,15.21,16.9,18.75,14.48,23.47,10.68,82,0,934,1014,742
01/03/2021,19.14,15,17.07,18.81,14.4,24.12,10.56,78.38,0,928,983,727
01/04/2021,19.66,15.2,17.44,19.13,15.23,25.02,10.74,76.38,0,935,981,718
01/05/2021,19.73,16.23,17.98,19.4,14.9,25.11,11.47,81.31,0,983,1010,729
01/06/2021,20.35,16.62,18.48,20.14,15.36,26.13,11.78,80.38,0,1026,1031,752
01/07/2021,21.22,17.51,19.37,21.1,16.79,26.52,12.45,80.5,0,1039,1023,779
01/08/2021,21.06,17.44,19.25,20.99,17.09,26.44,12.39,80.75,0,1019,1004,789
01/09/2021,20.19,16.15,18.17,20.26,16.34,24.9,11.41,78.88,0,975,1008,765
01/10/2021,20.52,16.45,18.48,20.56,16.55,24.44,11.66,78.25,0,961,1021,733
01/11/2021,21.2,17.87,19.54,21.39,17.59,25.4,12.76,81.81,0,1005,1040,732
01/12/2021,20.3,17.54,18.92,20.82,16.96,24.75,12.45,85,0,1043,1052,764
01/13/2021,18.26,14.72,16.49,19.04,14.36,23.36,10.38,81.44,0,1042,1052,782
01/14/2021,16.91,13.82,15.37,17.83,12.07,22.16,9.77,82.81,0,1012,1025,776
01/15/2021,17.12,12.9,15.01,17.29,13.12,21.71,9.22,77.88,0,974,986,778
01/16/2021,16.84,12.48,14.66,16.98,12.44,21.81,8.97,77.25,0,967,988,776
01/17/2021,16.81,13.74,15.28,17.09,12.4,22.15,9.7,83.19,0,997,1007,776
01/18/2021,17.52,14.46,15.99,17.98,12.4,23.05,10.19,82.75,0,1028,1019,788
01/19/2021,18.36,14.42,16.39,17.9,14.4,21.95,10.19,78.5,0,1032,1021,791
01/20/2021,18.65,15.7,17.17,19.11,14.3,22.63,11.11,83.75,0.01,1036,1002,772
01/21/2021,19.58,17.18,18.38,19.82,15.21,23.79,12.21,86.5,0.01,1025,964,762
01/22/2021,17.78,13.73,15.76,18.12,13.78,23.1,9.77,78.31,0,978,923,746
01/23/2021,17.17,11.62,14.4,17.32,12.49,21.72,8.48,72.12,0,938,926,715
01/24/2021,17.51,12.39,14.94,17.64,12.27,22.76,8.91,73.25,0,947,963,698
01/25/2021,17.14,13.08,15.11,17.77,12.12,23.15,9.34,79.25,0,972,977,710
01/26/2021,16.99,12.71,14.85,17.6,12.14,23.33,9.09,78,0,979,959,720
01/27/2021,16.28,12.03,14.15,17.08,10.94,22.56,8.73,78.31,0,966,948,716
01/28/2021,16.15,11.59,13.87,16.9,10.23,22.3,8.42,76.06,0,939,946,712
01/29/2021,17,11.54,14.26,17.06,11.14,22.82,8.42,72.62,0,910,929,704
01/30/2021,17.7,12.49,15.1,17.92,12.43,23.72,9.03,72.75,0,913,918,682
01/31/2021,16.43,10.76,13.6,16.9,12.38,22.25,8,71.75,0,927,905,656
02/01/2021,15.09,9.22,12.15,15.66,10.01,21.58,7.2,71,0,932,912,644
02/02/2021,15.37,10.42,12.89,15.98,9.26,22.64,7.81,75.31,0,949,945,656
02/03/2021,17.23,11.94,14.58,17.11,11.15,24.25,8.67,72.94,0,954,949,678
02/04/2021,19.01,12.73,15.87,18.57,13.07,25.26,9.09,68.81,0,907,927,685
02/05/2021,19.56,12.73,16.14,19.05,13.4,24.59,9.09,66.62,0,864,912,676
02/06/2021,19.45,12.49,15.97,19.15,13.28,24.98,9.03,65.56,0,886,932,683
02/07/2021,18.41,13.69,16.05,18.62,13.81,24.2,9.7,75.25,0,952,965,716
02/08/2021,18.37,13.19,15.78,18.71,13.06,24.87,9.4,73.69,0,1000,1007,754
02/09/2021,19.12,13.55,16.33,19.36,13.08,26.36,9.64,72.31,0,1022,1037,774
02/10/2021,20.32,13.27,16.8,19.8,15.29,26.76,9.46,66.25,0,1053,1039,778
02/11/2021,20.22,11.8,16.01,19.3,15.36,25.71,8.61,59.69,0,1037,1013,771
02/12/2021,19.85,12.15,16,19.2,15.01,25.69,8.79,62.25,0,963,982,758
02/13/2021,19.65,12.83,16.24,19.23,14.34,25.98,9.22,66.38,0,941,985,749
02/14/2021,19.73,12.94,16.33,19.4,13.4,26.09,9.28,67.56,0,979,998,748
02/15/2021,20.78,12.85,16.81,19.9,14.45,26.24,9.22,62,0,1000,1006,735
02/16/2021,20.73,12.64,16.69,20.15,15.44,26.84,9.09,61.19,0,1000,1000,722
02/17/2021,20.86,12.99,16.92,20.89,14.48,28.63,9.34,63.12,0,986,985,723
02/18/2021,22.5,14.44,18.48,22.04,15.8,29.38,10.19,62.38,0,969,981,720
02/19/2021,22.85,14.99,18.92,22.71,17.69,28.24,10.56,62.31,0,942,961,712
02/20/2021,22.76,16.07,19.41,23.13,18.9,28.05,11.29,66.94,0,900,907,701
02/21/2021,22.98,15.23,19.11,23.44,18.78,29.02,10.74,63.38,0,882,904,696
02/22/2021,22.05,13.05,17.55,22.1,16.58,28.24,9.34,59,0,937,980,723
02/23/2021,22.42,12.92,17.67,22.01,17.04,28.8,9.28,56.69,0,992,1029,764
02/24/2021,22.08,14.26,18.17,22.15,16.35,28.14,10.19,62.94,0,1020,1053,776
02/25/2021,23.02,19.26,21.15,23.44,19.52,28.12,13.98,81.31,0,1022,1073,771
02/26/2021,23.17,18.9,21.04,23.94,18.26,29.04,13.67,79.06,0,1016,1083,777
02/27/2021,22.96,19.73,21.34,24.07,18.13,28.49,14.4,83.25,0,1043,1107,797
02/28/2021,24.05,20.27,22.16,24.85,19.74,29.77,14.89,81.62,0,1087,1132,812
03/01/2021,24.69,19.87,22.28,25.34,19.62,30.66,14.53,77.75,0,1111,1147,815
03/02/2021,25.5,17.77,21.63,25.93,20.56,30.66,12.76,65.5,0,1115,1148,824
03/03/2021,24.9,17.56,21.23,25.54,20.12,30.08,12.57,65.25,0,1112,1150,844
03/04/2021,24.33,19.99,22.16,25.64,20.48,29.19,14.59,79.19,0,1090,1148,872
03/05/2021,24.14,20.3,22.22,25.62,19.86,29.21,14.89,81.25,0,1044,1132,889
03/06/2021,24.46,20.56,22.51,25.79,21.05,29.19,15.14,80.88,0,1020,1118,876
03/07/2021,24.66,20.62,22.65,26.48,21.08,29.37,15.14,79.75,0.03,1019,1114,842
03/08/2021,25.01,20.02,22.52,26.65,20.72,30.23,14.59,76.12,0.02,1016,1105,818
03/09/2021,25.08,20.46,22.77,26.51,20.8,30.33,15.01,78.25,0.01,1019,1096,811
03/10/2021,24.95,20.29,22.62,26.07,20.93,29.84,14.89,78.19,0.02,1048,1124,804
03/11/2021,26.05,18.86,22.45,27.19,21.05,31.29,13.61,67.5,0.63,1064,1156,802
03/12/2021,26.65,19.85,23.25,26.7,22.15,31.65,14.4,67.31,39.07,1043,1169,825
03/13/2021,26.49,19.26,22.87,27.07,21.44,32.48,13.92,66.81,0,1043,1196,853
03/14/2021,25.53,17.99,21.76,26.11,21.13,31.04,12.88,64.75,0,1062,1209,860
03/15/2021,25.35,16.48,20.92,26.12,19.67,30.92,11.66,59.88,0,1074,1195,865
03/16/2021,25.74,16.22,20.98,26.31,19.79,32.29,11.54,58.75,0,1072,1178,872
03/17/2021,25.73,14.44,20.08,26.21,19.15,32.63,10.31,52.88,0,1061,1161,862
03/18/2021,26.25,13.38,19.82,26.16,19.17,33.09,9.58,47.38,0,1047,1166,850
03/19/2021,26.83,14.78,20.8,26.83,20.87,32.55,10.56,48.81,0,1033,1194,862
03/20/2021,26.8,16.15,21.48,26.8,22.32,31.55,11.47,53.19,0,1074,1245,886
03/21/2021,28.21,16.76,22.49,28.06,23.78,33.88,11.96,51.38,0,1159,1280,905
03/22/2021,28.88,16.95,22.92,29.02,23.51,35.71,12.02,50.56,0,1216,1298,920
03/23/2021,29.12,16.4,22.76,29.41,22.2,35.56,11.66,48.62,0,1239,1309,932
03/24/2021,29.65,18.45,24.05,29.54,25.12,34.65,13.31,52.25,0,1229,1296,934
03/25/2021,29.38,19.86,24.62,30.05,23.65,34.91,14.65,60.56,0,1145,1237,912
03/26/2021,29.38,16.22,22.8,29.22,24.97,34.8,11.54,46.5,0,1075,1199,892
03/27/2021,28.8,15.44,22.12,29.25,22.95,35.06,10.99,45.94,0,1128,1258,895
03/28/2021,27.8,15.72,21.76,28.55,21.71,34.19,11.29,50.94,0,1182,1283,896
03/29/2021,27.75,20.05,23.9,28.56,23.58,33.49,14.83,66.06,0,1147,1255,900
03/30/2021,27.87,22.4,25.14,29.03,24.25,32.4,17.09,74.31,0,1089,1259,924
03/31/2021,28.33,23.44,25.88,29.42,25.26,32.43,18.25,76.5,0.02,1106,1290,948
04/01/2021,28.04,23.41,25.73,29.64,25.44,31.82,18.13,77.06,0.19,1154,1286,966
04/02/2021,27.77,21.88,24.83,29.44,24.16,32.69,16.48,72.56,0.18,1154,1261,978
04/03/2021,28.83,17.78,23.3,30.02,22.47,35.72,13.06,58.19,0,1162,1258,969
04/04/2021,28.94,16.37,22.65,29.72,22.37,36.08,11.72,50.25,0,1173,1248,944
04/05/2021,28.7,18.74,23.73,30.19,24.04,34.98,13.67,59.25,1.34,1151,1226,920
04/06/2021,27.78,20.16,23.97,29.77,22.99,33.79,14.83,67,1.18,1137,1222,916
04/07/2021,27.62,21.17,24.4,29.78,22.53,33.3,15.81,71.44,0,1152,1242,928
04/08/2021,28,22.36,25.18,30.41,24.37,32.61,16.91,73.69,0,1158,1256,942
04/09/2021,28.76,21.55,25.15,31,25.03,33.81,16.11,67.56,0,1153,1267,969
04/10/2021,29.35,21.17,25.26,31.62,24.95,34.5,15.75,64.25,0,1182,1318,1003
04/11/2021,29.15,21.65,25.4,31.48,25.31,34.28,16.17,66.25,0,1246,1365,1025
04/12/2021,29.72,21.26,25.48,31.8,24.48,36.37,15.87,64.5,0,1284,1372,1036
04/13/2021,29.7,21.11,25.4,31.71,25.08,35.19,15.81,63.94,0,1262,1351,1025
04/14/2021,28.77,21.19,24.98,30.19,24.85,33.52,15.87,66.44,0,1227,1338,1012
04/15/2021,27.76,21.81,24.78,28.96,24.6,32.01,16.48,72.38,0,1216,1338,1006
04/16/2021,28.22,21.26,24.73,29.28,25.01,32.6,15.93,68.75,0.94,1190,1326,995
04/17/2021,28.18,20.63,24.4,30.12,24.19,33.41,15.26,66.56,5.38,1146,1307,977
04/18/2021,27.92,21.2,24.56,30,23.57,32.62,15.75,69.06,8.61,1140,1303,974
04/19/2021,28.59,21.23,24.91,31.03,24.33,33.69,15.81,67,0.05,1222,1336,1007
04/20/2021,28.91,21.83,25.37,31.5,24.63,34.32,16.42,68.38,0.03,1324,1384,1064
04/21/2021,29.37,21.9,25.64,31.85,24.41,35.17,16.54,67.75,0,1349,1386,1088
04/22/2021,29.57,21.9,25.73,32.25,25.23,34.76,16.54,66.56,0,1279,1347,1062
04/23/2021,30.81,21.15,25.98,33.05,26.19,36.27,15.81,58.94,0,1212,1313,1027
04/24/2021,30.75,16.21,23.48,31.9,24.39,37.2,11.6,44.38,0,1240,1321,1024
04/25/2021,30.19,18.79,24.48,31.37,25.15,35.74,13.73,53.44,0,1342,1373,1054
04/26/2021,30.5,22.12,26.31,32.74,25.98,36.12,16.85,64.44,0,1426,1436,1103
04/27/2021,29.84,23.15,26.5,31.98,26.19,34.69,17.82,69.62,0,1444,1467,1138
04/28/2021,29.05,22.44,25.74,30.52,26.29,32.71,17.03,69.19,0,1441,1451,1140
04/29/2021,30.28,21.44,25.86,31.22,26.79,34.03,15.99,60.44,0,1399,1426,1124
04/30/2021,30.19,22.69,26.44,31.96,26.76,34.31,17.33,66.12,0.34,1299,1396,1107
05/01/2021,29.75,22.62,26.19,31.64,26.47,33.37,17.21,67.25,4.49,1260,1374,1108
05/02/2021,29.43,22.41,25.92,31.44,26.38,33.48,16.97,67.31,5.4,1337,1394,1121
05/03/2021,28.81,21.92,25.37,30.08,26.29,31.3,16.48,67.25,3.73,1373,1391,1117
05/04/2021,27.51,21.81,24.66,27.8,25.48,29.15,16.36,71.31,17.17,1330,1358,1096
05/05/2021,27.79,20.31,24.05,28.98,24.41,32,14.89,65.44,3.18,1304,1351,1072
05/06/2021,28.51,20.09,24.3,29.97,23.58,32.17,14.65,62.06,0.18,1318,1368,1076
05/07/2021,29.59,21.38,25.49,31.24,25.94,33.83,15.87,62.81,2.5,1319,1378,1082
05/08/2021,29.88,21.86,25.87,31.89,26.05,33.69,16.36,63.5,6.57,1312,1373,1084
05/09/2021,29.69,22.18,25.94,31.8,26.18,33.91,16.72,65.25,5.26,1290,1331,1078
05/10/2021,29.13,22.98,26.05,31.49,26.37,32.87,17.58,70.5,4.18,1266,1298,1062
05/11/2021,29.3,22.69,26,31.61,26.26,33.36,17.27,69,7.15,1244,1276,1049
05/12/2021,28.67,23.3,25.99,30.34,26.24,31.76,17.94,73.56,14.07,1144,1180,1013
05/13/2021,28.42,23.58,26.01,30.07,25.51,31.85,18.25,76.12,13.93,958,1011,932
05/14/2021,28.23,23.98,26.11,29.95,24.89,31.73,18.74,78.75,12.2,848,926,834
05/15/2021,29.72,24.68,27.2,31.81,25.88,34.05,19.53,75.94,2.99,939,997,820
05/16/2021,30.37,24.44,27.4,32.15,26.15,34.8,19.29,72.94,8.96,1126,1143,897
05/17/2021,31.23,25.08,28.15,33.16,27.33,35.73,20.02,71.75,1.11,1279,1265,984
05/18/2021,30.2,25.74,27.98,31.32,28.27,33.13,20.81,78,0.05,1375,1332,1058
05/19/2021,30.65,24.96,27.8,32.58,27.76,34.4,19.9,73.5,0.36,1407,1350,1104
05/20/2021,30.34,26.4,28.37,31.18,28.72,32.57,21.67,79.94,0.37,1396,1351,1107
05/21/2021,30.37,25.31,27.84,31.65,28.22,33.31,20.32,75.5,0.05,1361,1359,1086
05/22/2021,31.16,24.29,27.73,33.52,27.83,35.41,19.1,67.94,0.01,1328,1342,1070
05/23/2021,31.78,25.08,28.43,33.87,28.58,36.73,20.08,69.19,3.6,1298,1298,1042
05/24/2021,30.73,24.72,27.72,32.31,28.1,34.76,19.71,71.94,9.15,1250,1276,1013
05/25/2021,30.18,24.47,27.33,31.38,27.03,34.47,19.41,72.69,19.18,1200,1278,1008
05/26/2021,28.68,23.95,26.32,29.76,25.81,32.39,18.8,76.5,18.62,1175,1277,998
05/27/2021,29.34,24.17,26.76,30.48,25.12,33.87,19.04,75.94,5.25,1166,1292,995
05/28/2021,30.06,25.27,27.66,32,26.15,34.64,20.26,77.25,1.02,1162,1328,1020
05/29/2021,30.18,25.05,27.62,32.48,27.09,34.48,19.96,75.56,0.61,1197,1358,1047
05/30/2021,30.05,25.32,27.69,31.92,27.44,33.54,20.32,76.75,6.45,1235,1346,1051
05/31/2021,29.57,25.61,27.59,30.68,27.65,32.3,20.69,79.81,21.72,1216,1284,1026
06/01/2021,28.59,26.6,27.59,28.83,27.14,30.26,21.91,89.06,45.21,1160,1224,990
06/02/2021,28.92,26.23,27.57,29.45,27.55,30.59,21.42,85.69,30.98,1142,1237,985
06/03/2021,29.26,26.57,27.91,29.9,27.38,31.69,21.85,85.81,30.34,1146,1266,997
06/04/2021,29.13,26.58,27.85,29.4,27.51,31.13,21.85,86.44,27.07,1141,1250,999
06/05/2021,29.14,27.22,28.18,29.23,27.86,30.85,22.71,89.5,23.17,1142,1207,984
06/06/2021,28.87,26.8,27.83,28.89,27.55,30.88,22.16,88.88,43.36,1146,1183,959
06/07/2021,28.83,26.23,27.53,28.81,27.1,31.39,21.42,86.19,39.25,1168,1225,958
06/08/2021,28.65,26.19,27.43,28.71,27.43,30.64,21.42,86.69,12.56,1226,1284,978
06/09/2021,28.65,25.38,27.02,28.84,27.01,30.42,20.45,82.94,4.03,1283,1307,998
06/10/2021,28.12,25.12,26.62,28.45,26.45,30.44,20.14,84.06,9.38,1277,1308,1009
06/11/2021,27.67,25.57,26.62,27.87,25.08,30.32,20.75,88.5,11.56,1227,1314,1028
06/12/2021,28.54,25.96,27.25,28.92,26.41,31.44,21.18,86.31,10.73,1214,1339,1052
06/13/2021,28.94,26,27.47,29.5,26.86,32.05,21.24,84.62,7.52,1223,1357,1059
06/14/2021,28.83,26.38,27.6,29.15,26.87,31.48,21.79,87.12,11.8,1210,1340,1045
06/15/2021,27.77,25.87,26.82,27.93,25.87,29.96,21.12,89.44,46.18,1186,1289,1019
06/16/2021,27.72,25.57,26.65,27.89,26.48,29.24,20.69,88.19,28.65,1178,1238,992
06/17/2021,27.3,25.12,26.2,27.79,25.55,29.11,20.08,88,61.1,1145,1198,952
06/18/2021,27.03,25.12,26.08,27.26,25.26,29.29,20.08,89.38,65.54,1069,1159,900
06/19/2021,26.65,25.06,25.86,26.91,25.98,27.54,19.96,91,35.75,1041,1157,887
06/20/2021,27.26,25.16,26.22,27.29,25.91,28.69,20.08,88.44,41.91,1071,1190,916
06/21/2021,26.65,24.76,25.7,26.66,25.48,27.87,19.65,89.44,64.64,1108,1223,936
06/22/2021,27.26,24.9,26.08,27.76,25.4,29.91,19.78,87.25,7.89,1152,1256,946
06/23/2021,27.74,25.48,26.61,27.93,25.41,30.65,20.51,87.69,24.85,1182,1285,972
06/24/2021,27.87,25.62,26.74,28.08,25.89,30.31,20.69,87.75,8.93,1173,1288,996
06/25/2021,27.74,25.24,26.49,28.13,26.05,29.78,20.2,86.44,12.62,1160,1283,1004
06/26/2021,27.87,25.59,26.73,28.44,25.67,30.53,20.63,87.62,17,1178,1292,1014
06/27/2021,28.26,25.9,27.08,28.96,26.22,30.87,21,87.38,7.77,1203,1288,1021
06/28/2021,28.31,25.93,27.12,28.66,26.79,30.36,21,87.06,11.01,1215,1263,1010
06/29/2021,28.35,26.33,27.34,28.47,26.71,30.28,21.55,88.94,26.25,1197,1220,980
06/30/2021,28.46,26.49,27.48,28.66,24.98,30.75,21.85,89.25,106,1133,1173,937
07/01/2021,27.13,25.54,26.33,27.27,24.9,28.7,20.63,91,68.31,1053,1138,896
07/02/2021,27.85,25.55,26.7,28.12,26.16,30.38,20.63,87.69,16.03,1024,1130,880
07/03/2021,27.52,25.32,26.42,27.5,26.12,29.31,20.32,87.88,16.74,1053,1143,872
07/04/2021,27.59,25.76,26.68,27.73,26.01,29.49,20.87,89.81,18.07,1078,1178,878
07/05/2021,27.97,26,26.98,28.42,25.73,30.48,21.18,89.31,7.57,1097,1228,919
07/06/2021,28.32,26.37,27.34,28.58,26.66,30.34,21.67,89.31,27.18,1104,1243,964
07/07/2021,28,26.38,27.19,28.2,26.69,29.87,21.67,91.06,45.28,1115,1237,982
07/08/2021,28.01,25.91,26.97,28.59,26.26,30.45,21.06,88.5,14.01,1136,1265,1004
07/09/2021,28.15,25.78,26.97,28.78,25.89,30.69,20.94,87.25,8,1176,1304,1042
07/10/2021,28.38,26.12,27.25,28.97,26.42,30.77,21.36,87.75,16.29,1226,1298,1057
07/11/2021,29.04,26.2,27.62,29.66,26.04,32.57,21.42,85.38,2.32,1258,1289,1040
07/12/2021,28.79,26.23,27.51,29.36,26.73,32.22,21.42,86.62,24.41,1262,1333,1040
07/13/2021,28.19,25.8,27,28.62,26.37,31,20.87,87.06,7.44,1259,1387,1067
07/14/2021,28.53,25.69,27.11,29.18,25.96,31.48,20.75,85.19,8.28,1284,1407,1079
07/15/2021,28.94,26.05,27.49,29.52,26.65,31.56,21.18,84.75,8.94,1302,1394,1078
07/16/2021,28.77,25.63,27.2,29.64,26.88,31.11,20.63,83.62,10.93,1273,1368,1074
07/17/2021,28.36,25.94,27.15,28.8,26.89,30.07,21.06,86.94,25.09,1238,1352,1068
07/18/2021,28.58,25.95,27.26,29.17,26.76,30.51,21.12,85.94,5.95,1204,1315,1042
07/19/2021,28.24,26.12,27.19,28.62,26.81,30.08,21.36,88.5,28.48,1130,1212,1004
07/20/2021,28.7,26.13,27.41,29.06,26.98,30.9,21.42,86.25,7.05,1003,1101,953
07/21/2021,29.06,25.58,27.33,29.58,26.4,32.6,20.81,82.38,10.93,884,1045,874
07/22/2021,28.74,25.98,27.37,29.22,26.63,32.53,21.3,85.56,7.96,842,1008,821
07/23/2021,28.17,26.33,27.25,28.5,26.59,30.07,21.67,89.88,29.85,789,940,773
07/24/2021,28.52,26.6,27.56,28.8,27.19,30.48,21.97,89.44,61.76,754,909,724
07/25/2021,28.35,26.51,27.43,28.55,26.79,30.4,21.91,89.94,22.21,775,921,712
07/26/2021,28.81,26.65,27.73,29.13,27.57,30.56,22.09,88.31,18.31,790,902,706
07/27/2021,29.3,27.08,28.19,29.93,27.37,31.86,22.83,88.19,58.45,775,880,681
07/28/2021,28.18,27.05,27.62,28.14,27.02,29.4,22.77,93.5,100.91,781,908,667
07/29/2021,27.67,26.31,26.99,27.73,26.6,29.73,21.67,92.31,40.07,788,936,696
07/30/2021,28.09,26.22,27.15,28.35,26.37,30.33,21.48,89.69,53.11,797,958,752
07/31/2021,28.12,26.08,27.1,28.44,26.7,30.05,21.3,88.81,25.55,872,1014,822
08/01/2021,28.06,26.33,27.2,28.3,26.39,30.15,21.67,90.44,48.08,989,1084,877
08/02/2021,27.08,25.81,26.44,27.22,25.9,28.37,21,92.75,33.02,1067,1131,901
08/03/2021,27.31,25.34,26.33,28,24.97,30.2,20.39,89.25,26.49,1114,1151,930
08/04/2021,28.33,26.06,27.19,28.81,26.15,31.13,21.3,87.81,11.24,1154,1182,978
08/05/2021,29.23,25.99,27.61,29.26,25.98,33.04,21.3,83.25,9.75,1162,1216,1014
08/06/2021,27.98,26.58,27.28,27.93,26.9,29.41,21.97,92.12,11.68,1150,1220,1019
08/07/2021,28.29,26.23,27.26,28.7,26.34,30.97,21.48,88.94,42.11,1170,1221,1030
08/08/2021,28.45,26.39,27.42,28.6,26.81,30.75,21.61,88.81,16.49,1220,1227,1060
08/09/2021,28.34,26.35,27.35,28.8,26.32,30.7,21.61,89.12,50.24,1244,1239,1080
08/10/2021,28.58,26.6,27.59,28.77,26.99,30.6,21.97,89.19,22.89,1240,1271,1082
08/11/2021,27.99,26.68,27.33,27.99,27.26,29.16,22.03,92.56,19.83,1244,1299,1076
08/12/2021,28.13,26.07,27.1,28.15,26.72,29.74,21.24,88.81,22.75,1246,1312,1073
08/13/2021,28.4,26.73,27.56,28.35,26.83,30.44,22.09,90.69,31.7,1223,1313,1083
08/14/2021,28.67,26.36,27.51,28.75,26.94,30.88,21.67,87.5,32.65,1223,1327,1110
08/15/2021,28.45,26.37,27.4,28.8,26.61,30.49,21.67,88.62,15.16,1242,1334,1120
08/16/2021,27.99,26.44,27.22,28.07,26.46,29.8,21.73,91.38,24.32,1261,1328,1116
08/17/2021,27.36,25.87,26.62,27.5,25.44,29.18,20.94,91.62,50.21,1259,1329,1116
08/18/2021,27.39,26.19,26.79,27.48,26.17,28.93,21.36,93.06,65.55,1245,1334,1109
08/19/2021,26.98,25.55,26.26,27.14,25.8,28.75,20.57,91.88,42.08,1227,1303,1095
08/20/2021,27.27,25.26,26.26,27.93,25.09,29.8,20.14,89,16.57,1219,1267,1092
08/21/2021,27.48,25.06,26.26,28.17,25.62,29.63,19.9,86.88,2.97,1254,1292,1106
08/22/2021,28.29,25.6,26.94,28.94,26.19,30.83,20.57,85.62,4.74,1317,1365,1130
08/23/2021,28.42,26.19,27.3,28.65,26.65,30.51,21.36,87.88,9.48,1363,1407,1140
08/24/2021,28.38,26.4,27.39,28.62,27.09,30.44,21.67,89.19,17.21,1359,1389,1128
08/25/2021,28.19,26,27.09,28.57,26.85,29.85,21.18,88.12,43.97,1327,1356,1133
08/26/2021,28.05,26.23,27.15,28.27,26.68,29.9,21.48,90,28.23,1290,1351,1159
08/27/2021,27.8,25.73,26.76,28.09,26.05,30.02,20.81,88.75,35.19,1250,1349,1160
08/28/2021,27.8,25.74,26.77,28.08,26.06,30.05,20.87,88.75,4.07,1247,1336,1128
08/29/2021,27.6,25.56,26.58,27.94,25.72,30.15,20.63,88.88,4.02,1267,1336,1089
08/30/2021,27.32,25.24,26.28,27.68,25.8,29.4,20.14,88.62,13.87,1306,1347,1087
08/31/2021,27.9,25.14,26.51,28.76,25.2,31.13,20.02,85.5,10.16,1359,1362,1124
09/01/2021,28.33,25,26.66,29.17,26.28,31.05,19.84,82.56,18.67,1386,1376,1144
09/02/2021,28.63,25.73,27.18,28.91,26.94,30.67,20.81,84.44,16.8,1352,1386,1123
09/03/2021,28.5,25.26,26.87,29.31,25.6,31.69,20.26,83.31,5.38,1292,1379,1086
09/04/2021,28.68,25.69,27.19,29.66,26.62,32.12,20.81,84.38,5.46,1289,1372,1063
09/05/2021,29.33,25.92,27.62,29.88,26.59,32.79,21.12,82.62,23.48,1317,1377,1054
09/06/2021,28.31,25.69,27.01,28.72,26.05,31.42,20.75,86.19,14.64,1320,1369,1043
09/07/2021,27.58,25.4,26.49,28.33,25.2,30.37,20.32,88.12,12.72,1305,1346,1022
09/08/2021,27.89,24.87,26.38,28.67,25.91,30.23,19.71,83.94,5.01,1298,1341,1007
09/09/2021,29.4,25.48,27.44,30.08,26.48,32.93,20.51,80.12,3.55,1272,1340,1012
09/10/2021,29.05,26.08,27.56,29.55,26.45,33.71,21.3,85,4.11,1238,1314,1030
09/11/2021,28.54,25.74,27.14,28.9,26.03,31.83,20.87,85.44,7.53,1238,1305,1034
09/12/2021,28.05,25.87,26.96,28.3,26.15,31.29,21.06,88.19,4.94,1250,1305,1020
09/13/2021,27.76,25.67,26.72,28.3,25.6,30.42,20.75,88.56,1.59,1256,1306,1003
09/14/2021,28.19,25.58,26.88,28.85,25.69,31.44,20.57,86.31,5.77,1252,1319,988
09/15/2021,28.01,25.58,26.8,28.51,26.67,29.73,20.57,86.75,4.66,1248,1331,990
09/16/2021,27.13,25.44,26.28,27.3,26.1,28.44,20.45,90.44,9.57,1243,1323,999
09/17/2021,27.2,25.26,26.23,27.27,26.05,28.36,20.26,89.19,5.35,1222,1309,985
09/18/2021,27.33,25.66,26.5,27.69,25.79,29.5,20.69,90.69,42.89,1200,1292,952
09/19/2021,26.88,25.48,26.19,27.17,25.94,28.4,20.45,92,64.53,1219,1272,942
09/20/2021,26.81,24.83,25.82,27.01,25.62,28.23,19.65,88.94,25.46,1264,1271,971
09/21/2021,26.92,24.69,25.81,27.05,25.67,28.44,19.53,87.75,4.43,1292,1291,1004
09/22/2021,26.73,24.85,25.79,27.08,25.15,28.65,19.71,89.5,1.86,1323,1334,1032
09/23/2021,28.04,25.07,26.55,28.93,24.94,31.64,19.96,84.5,0.18,1328,1358,1066
09/24/2021,28.55,25.89,27.23,28.83,26.2,31.58,21,85.88,1.05,1296,1344,1087
09/25/2021,28.52,25.54,27.03,28.78,26.98,30.7,20.57,84.06,6.87,1299,1350,1076
09/26/2021,29.05,25.69,27.37,29.52,26.19,32.17,20.81,82.62,11.18,1352,1377,1064
09/27/2021,28.33,25.6,26.96,28.59,26.18,31.59,20.63,85.69,10.59,1387,1404,1072
09/28/2021,26.87,24.87,25.87,27.15,25.83,28.51,19.71,88.88,15.93,1385,1424,1092
09/29/2021,27.56,24.99,26.28,28.15,25.61,30.15,19.84,86.19,16.13,1377,1445,1115
09/30/2021,28.47,24.76,26.62,28.48,26.56,30.81,19.53,80.75,2.7,1346,1452,1124
10/01/2021,27.92,23.83,25.88,28.3,24.94,30.77,18.49,79.44,1.52,1289,1402,1099
10/02/2021,28.23,24.33,26.27,28.93,26.4,30.92,19.04,79.69,1.63,1268,1362,1052
10/03/2021,27.98,25.19,26.58,28.52,26.14,30.3,20.08,85.06,1.18,1265,1347,1004
10/04/2021,27.89,25.17,26.53,28.37,26.46,29.83,20.08,85.38,4.47,1256,1328,996
10/05/2021,28.51,24.87,26.69,29.44,26.4,30.87,19.71,81.06,11.71,1286,1366,1025
10/06/2021,28.05,25.07,26.55,28.69,26.04,30.51,19.96,84.12,7.02,1335,1441,1044
10/07/2021,28.4,24.93,26.66,28.85,25.23,31.44,19.84,81.88,6.67,1334,1450,1045
10/08/2021,28.56,25.05,26.8,29.15,25.49,31.85,19.96,82.06,9.68,1308,1413,1043
10/09/2021,28.51,25.04,26.77,28.94,25.91,31.77,19.96,82.31,10.84,1333,1415,1057
10/10/2021,28.82,25.37,27.09,29.19,26.01,31.97,20.39,82.25,6.47,1389,1436,1091
10/11/2021,28.99,26.31,27.65,29.45,25.86,32.87,21.61,86.06,1.87,1420,1432,1110
10/12/2021,28.28,26.76,27.52,28.54,26.76,30.64,22.16,91.56,11.59,1407,1422,1122
10/13/2021,29.44,24.83,27.13,29.14,26.72,32.62,19.78,77.69,30.29,1377,1414,1136
10/14/2021,29.44,25.38,27.41,29.97,25.4,33.64,20.45,79.81,13.74,1340,1389,1108
10/15/2021,29.61,26.33,27.97,30.01,27.3,33.25,21.61,83.12,6.26,1297,1346,1044
10/16/2021,29.41,25.79,27.6,29.8,27.08,32.74,20.94,81.88,16.42,1280,1344,1007
10/17/2021,28.74,25.45,27.09,28.88,26.73,32.03,20.45,83.06,20.05,1284,1364,1003
10/18/2021,26.29,24.33,25.31,26.74,25.1,27.43,19.04,89.06,32.74,1261,1337,984
10/19/2021,27.03,25.21,26.12,27.42,25.69,28.76,20.02,89.81,17.66,1214,1272,944
10/20/2021,27.14,24.83,25.99,27.58,25.98,28.81,19.59,87.31,33.54,1174,1248,914
10/21/2021,27.21,25.01,26.12,27.69,25.97,29.26,19.84,87.88,31.71,1166,1279,910
10/22/2021,26.44,23.61,25.02,27.15,24.19,28.58,18.19,84.56,1.42,1157,1311,920
10/23/2021,25.87,21.5,23.69,26.47,22.98,29.05,15.99,77.44,0.74,1180,1357,924
10/24/2021,26.42,20.31,23.37,26.4,23.43,29.33,14.83,69.94,1.43,1220,1374,928
10/25/2021,25.97,20.72,23.34,26.25,23.04,28.33,15.26,73,0,1235,1350,955
10/26/2021,26.49,21.55,24.02,27.01,24.14,28.42,16.05,74.44,0.07,1250,1358,991
10/27/2021,26.3,23.02,24.66,26.88,24.44,28.79,17.52,82.44,0.43,1251,1400,1004
10/28/2021,26.99,23.14,25.07,27.72,23.37,30.52,17.64,80.38,0.1,1237,1408,1018
10/29/2021,27.29,24.11,25.69,27.85,24.34,31.1,18.74,83.69,0,1252,1405,1040
10/30/2021,26.56,23.76,25.16,27.23,23.71,30.33,18.31,85.44,0,1314,1416,1048
10/31/2021,25.79,23.15,24.47,26.55,22.66,29.51,17.7,86.19,0,1325,1393,1017
11/01/2021,23.86,20.57,22.22,24.57,20.19,28.1,15.08,83.38,0,1258,1328,958
11/02/2021,22.69,18.66,20.67,23.3,18.26,26.94,13.37,79.38,0,1216,1293,911
11/03/2021,23.1,18.52,20.81,23.56,20.19,26.56,13.24,75.94,0,1221,1306,894
11/04/2021,22.78,18.85,20.81,23.39,19.74,26.8,13.55,79.56,0,1194,1291,884
11/05/2021,22.57,19.84,21.2,23.4,18.52,27.4,14.4,85.81,0,1123,1229,850
11/06/2021,22.19,19.08,20.64,22.98,18.35,27.22,13.79,83.56,0,1095,1200,807
11/07/2021,21.61,18.87,20.24,22.38,16.99,26.83,13.61,85.38,0,1120,1224,814
11/08/2021,23.21,20.58,21.9,24.25,18.63,28.45,15.14,85.94,0,1151,1264,876
11/09/2021,24.19,21.72,22.95,25.5,20.23,28.76,16.24,86.81,0,1181,1310,922
11/10/2021,24.63,21.81,23.23,25.88,20.57,28.94,16.3,84.88,0,1226,1342,928
11/11/2021,24.93,21.49,23.21,26.07,20.89,28.35,15.99,81.88,0,1239,1328,932
11/12/2021,25.69,22.8,24.25,26.23,22.77,29.33,17.27,84.56,0.02,1206,1256,937
11/13/2021,24.73,22.41,23.57,25.5,23.09,27.39,16.91,87.25,0.49,1181,1220,911
11/14/2021,25.04,22.23,23.63,25.73,22.73,28.31,16.72,84.94,0.88,1199,1253,886
11/15/2021,24.92,21.56,23.24,25.97,22.09,27.54,16.05,82.19,1.61,1227,1298,903
11/16/2021,25.08,22.33,23.71,26.26,22.35,28.63,16.85,85.25,1.33,1227,1301,917
11/17/2021,24.41,21.71,23.06,25.05,20.69,29.26,16.17,85.88,0.68,1196,1270,911
11/18/2021,23.55,19.38,21.47,24.06,19.31,28.8,14.04,79.06,0,1147,1216,872
11/19/2021,23.34,18.6,20.97,23.76,19.53,28.1,13.37,76.06,0,1094,1182,823
11/20/2021,22.86,18.62,20.73,23.41,19.67,27.33,13.37,78.12,0,1090,1214,794
11/21/2021,22.63,19.47,21.05,23.14,18.38,27.4,14.1,83.69,0,1105,1243,804
11/22/2021,23.26,19.45,21.36,23.62,19.03,28.44,14.1,80.44,0,1128,1257,840
11/23/2021,22.93,19.51,21.22,23.32,19.05,27.91,14.16,81.94,0,1146,1255,857
11/24/2021,22.11,19.01,20.56,22.67,17.53,27.72,13.67,84.25,0,1108,1212,831
11/25/2021,22.31,17.84,20.08,22.48,18.4,27.83,12.7,77.75,0,1063,1165,797
11/26/2021,20.3,16.8,18.55,20.78,16.65,25.36,11.84,81.88,0,1064,1132,781
11/27/2021,20.15,16.49,18.33,20.7,15.18,26.25,11.66,80.75,0,1086,1126,759
11/28/2021,20.62,16.66,18.64,21.09,15.51,26.32,11.78,79.75,0,1103,1126,752
11/29/2021,20.49,17.55,19.01,21.09,16.49,25.87,12.45,84.31,0,1141,1139,776
11/30/2021,21.64,18.27,19.96,22.3,16.82,26.81,13.06,82.12,0,1174,1164,792
12/01/2021,23.13,19.1,21.12,23.5,18.57,28.35,13.73,79.62,0,1153,1153,781
12/02/2021,23.45,19.16,21.3,23.53,18.69,28.73,13.79,78.44,0,1067,1097,750
12/03/2021,23.83,18.94,21.39,23.9,18.37,28.35,13.55,75.62,0.5,958,1034,708
12/04/2021,23.47,19.6,21.54,23.8,20.11,26.64,14.16,79.31,6.42,918,1002,683
12/05/2021,23.32,21.15,22.23,23.87,21.58,26,15.56,87.94,17.83,940,989,684
12/06/2021,23.34,21.65,22.5,23.58,21.25,25.92,16.11,90.31,42.79,973,1018,703
12/07/2021,23.78,22.11,22.94,23.91,21.96,26.29,16.54,90.5,24.51,1018,1080,743
12/08/2021,23.9,21.97,22.94,24.05,21.87,26.56,16.36,89.12,10.67,1055,1124,776
12/09/2021,24.32,21.44,22.87,24.65,20.8,28.3,15.81,84.81,1.39,1047,1112,785
12/10/2021,22.74,20.25,21.49,23.36,19.65,26.43,14.71,86.62,0.12,1005,1091,768
12/11/2021,21.12,18.3,19.71,21.57,17.62,26.23,13,85.31,0.2,993,1103,735
12/12/2021,19.46,16.54,18,20.04,15.53,24.5,11.66,84.31,0,1000,1102,711
12/13/2021,19.16,16.05,17.61,20.21,15.08,24.01,11.29,83.12,0,995,1083,699
12/14/2021,19.79,17.25,18.51,20.73,15.59,25.01,12.21,85.94,0,980,1065,694
12/15/2021,19.26,16.37,17.81,19.98,15.68,23.8,11.54,84.06,0,927,1014,684
12/16/2021,18.89,16.12,17.51,19.83,13.87,24.64,11.35,84.94,0,840,945,652
12/17/2021,18.93,16.22,17.58,19.78,14.73,24.91,11.41,85.38,0,829,946,622
12/18/2021,19.53,16.38,17.96,20.15,14.79,25.65,11.54,83.31,0,896,1013,628
12/19/2021,18.29,15.34,16.81,18.83,14.21,23.53,10.8,84.06,0,983,1082,677
12/20/2021,17.09,14.16,15.63,18.14,12.56,22.31,10.01,83.56,0,1070,1119,744
12/21/2021,17.33,14.23,15.78,18.36,13.43,21.6,10.07,82.56,0,1132,1122,770
12/22/2021,18.4,13.42,15.91,18.08,16.81,21.32,9.52,72.88,0,1134,1111,755
12/23/2021,19.09,13.8,16.44,18.42,15.45,22.97,9.77,71.75,0,1066,1069,733
12/24/2021,18.8,15.42,17.11,18.89,14.1,23.65,10.86,81.44,0,1014,1027,728
12/25/2021,19.42,14.67,17.05,19.39,14.45,24.9,10.31,76.06,0,1030,1050,743
12/26/2021,18.99,14.3,16.65,18.82,14.9,24.15,10.07,75.25,0,1064,1102,767
12/27/2021,18.37,14.1,16.23,18.7,13.95,24.18,9.95,78.19,0,1077,1139,784
12/28/2021,18.33,13.76,16.05,18.46,13.77,24.11,9.7,76.69,0,1091,1173,790
12/29/2021,18.62,13.17,15.9,18.56,13.95,24.04,9.34,71.88,0,1097,1202,782
12/30/2021,19.96,12.83,16.4,19.42,15.18,26.97,9.16,65.69,0,1056,1194,773
12/31/2021,18.69,14.94,16.81,19.04,13.95,24.6,10.5,80.25,0,977,1117,763
01/01/2022,18.19,15.23,16.71,18.76,13.51,23.92,10.68,84.06,0,906,1021,743
01/02/2022,17.45,14.41,15.93,17.39,13.37,21.9,10.13,82.69,0,880,996,705
01/03/2022,17.5,14.02,15.76,18.26,12.62,23.04,9.89,81.38,0,928,1016,676
01/04/2022,17.33,14.32,15.83,17.69,12.78,22.88,10.07,84.12,0,997,1024,684
01/05/2022,17.35,13.62,15.49,17.69,12.05,23.59,9.7,80.69,0,1017,1016,715
01/06/2022,17.4,12.85,15.12,17.86,12.09,23.4,9.22,76.62,0,996,1004,747
01/07/2022,18.23,13.51,15.87,18.44,13.45,24.12,9.58,75.62,0,983,1004,765
01/08/2022,18.8,14.46,16.62,18.82,13.94,24.4,10.19,77.44,0,1011,1043,764
01/09/2022,19.16,15,17.08,19.27,14.43,24.4,10.62,77.94,0,1043,1091,768
01/10/2022,19.55,15.26,17.4,19.47,14.94,24.48,10.8,77.25,0,1072,1117,797
01/11/2022,19.81,15.37,17.59,19.75,15.15,25.3,10.86,76.94,0,1107,1118,814
01/12/2022,19.61,16.4,18.01,19.87,15.44,23.61,11.6,82.94,0.37,1118,1108,799
01/13/2022,19.33,15.62,17.48,19.48,15.78,23.23,10.99,79.88,1.86,1090,1087,780
01/14/2022,18.88,15.83,17.36,19.67,15.51,23.7,11.11,83.56,3.11,1039,1085,772
01/15/2022,18.73,15.1,16.91,19.5,14.48,23.65,10.62,81.12,0.16,1026,1107,771
01/16/2022,18.07,14.83,16.44,18.83,13.97,23.44,10.44,82.81,0.01,1042,1090,777
01/17/2022,17.82,14.62,16.23,18.63,12.06,24.55,10.31,82.5,0,1061,1072,784
01/18/2022,18.64,15.26,16.95,19.25,13.71,23.46,10.74,81.81,0,1092,1096,784
01/19/2022,18.77,15.06,16.91,18.94,15.01,22.61,10.62,79.75,0,1101,1114,776
01/20/2022,18.55,13.85,16.2,18.45,15.08,22.33,9.83,74.75,0,1062,1099,770
01/21/2022,19.21,13.61,16.4,18.64,15.05,22.83,9.64,70.75,0,1024,1074,765
01/22/2022,18.62,13.01,15.81,18.84,13.87,23.77,9.28,71.44,0,1030,1061,755
01/23/2022,19.43,13.33,16.38,19.2,14.9,24.3,9.52,68.69,0.02,1057,1070,751
01/24/2022,19,16.1,17.55,19.66,14.76,22.67,11.41,83.94,2.21,1084,1118,761
01/25/2022,19.94,17.61,18.77,20.59,17.63,23.28,12.57,86.81,2.55,1112,1160,781
01/26/2022,19.3,15.9,17.6,19.99,16.22,23.27,11.23,81.75,1.61,1130,1152,801
01/27/2022,19.13,15.72,17.43,19.41,15.87,22.64,11.05,81.19,4.26,1126,1134,812
01/28/2022,16.37,11.9,14.14,17.68,12.55,21.11,8.67,77.56,0.94,1111,1128,807
01/29/2022,14.65,9.95,12.3,15.93,9.62,19.85,7.57,75.88,0,1119,1131,804
01/30/2022,15.55,11.51,13.53,16.37,10.3,21.28,8.42,78.56,0,1141,1131,801
01/31/2022,16.62,11.04,13.83,16.65,11.04,21.81,8.18,72,0,1138,1122,795
02/01/2022,17.37,12.62,15,17.47,12.85,22.27,9.09,74.69,0,1126,1106,784
02/02/2022,19.29,13.8,16.54,18.83,15.28,23.76,9.83,72.25,0.01,1117,1096,757
02/03/2022,19.83,11.8,15.81,19.23,13.26,25.76,8.61,62.44,0.07,1054,1075,722
02/04/2022,19.94,13.26,16.6,19.41,14.33,25.74,9.52,67.06,0,945,1045,696
02/05/2022,17.87,16.16,17.01,18.12,13.83,21.24,11.47,90,23.88,910,1050,679
02/06/2022,16.21,11.37,13.79,17.26,11.17,22.09,8.36,76.31,8.48,945,1077,675
02/07/2022,15.55,11.11,13.33,16.69,9.99,21.58,8.18,77.38,0.05,982,1094,684
02/08/2022,16.08,11.29,13.68,16.85,10.32,22.65,8.3,75.62,0,992,1095,696
02/09/2022,16.96,11.29,14.12,17.3,11.25,23.23,8.3,71.19,0,979,1081,698
02/10/2022,18.1,12.97,15.54,18.55,12.39,24.24,9.34,73.56,0,964,1060,701
02/11/2022,18.96,15.01,16.98,19.55,15.38,23.88,10.62,78.62,0,952,1056,702
02/12/2022,16.93,10.91,13.92,17.72,11.8,22.62,8.12,70.69,0,962,1078,693
02/13/2022,17.45,11.03,14.24,18.11,10.94,24.53,8.18,68.25,0,997,1091,687
02/14/2022,18.29,11.33,14.81,18.59,12.6,24.98,8.36,65.94,0,1025,1091,700
02/15/2022,17.9,10.7,14.3,18.39,12.27,24.21,8,65.31,0,1035,1090,720
02/16/2022,17.95,10.6,14.27,18.01,11.48,23.81,7.93,65.12,0,1046,1101,728
02/17/2022,18.19,11.18,14.69,18.26,12.19,24.7,8.3,65.44,0,1032,1102,724
02/18/2022,18.15,10.6,14.37,18.33,12.14,24.9,7.93,63.69,0,984,1083,721
02/19/2022,18.36,10.06,14.21,18.31,11.79,24.89,7.69,60.62,0,953,1059,725
02/20/2022,19.76,12.21,15.98,20.14,13.61,25.81,8.91,63.75,0.11,932,1008,712
02/21/2022,20.23,14.51,17.37,21.15,15.8,25.82,10.31,71.62,3.95,919,983,680
02/22/2022,21.4,13.44,17.42,21.44,16.15,27.2,9.58,62.25,2.6,968,1039,680
02/23/2022,22.05,14.06,18.05,21.95,16.27,27.57,9.95,62,0,1016,1103,715
02/24/2022,22.76,15.05,18.9,22.81,16.83,28.67,10.56,63.25,0,1019,1111,743
02/25/2022,23.23,16.33,19.78,23.59,17.9,29.18,11.54,66.88,0.02,1012,1088,748
02/26/2022,23.92,17.6,20.76,24.31,19.19,30.12,12.45,69.75,0,1031,1114,748
02/27/2022,22.63,15.56,19.1,23.23,16.81,28.53,10.99,67.25,0,1051,1153,752
02/28/2022,23.58,16.13,19.86,23.68,18.64,29.26,11.41,64.06,0,1048,1161,761
03/01/2022,22.96,15.51,19.23,23.16,18.15,29.3,10.93,65.44,0,1041,1154,767
03/02/2022,21.65,13.18,17.41,22.16,15.35,28.53,9.4,60.81,0,1053,1157,765
03/03/2022,22.07,12.94,17.51,22.44,15.16,29.38,9.28,58.69,0,1066,1160,773
03/04/2022,22.18,13.25,17.72,22.73,15.66,29.19,9.46,59.62,0,1085,1165,806
03/05/2022,22.8,13.4,18.11,23.1,16.33,29.74,9.58,57.56,0,1133,1204,842
03/06/2022,23.37,13.7,18.54,23.76,17.12,30.74,9.77,57.06,0,1188,1241,860
03/07/2022,23.59,14.69,19.14,24.39,16.57,31.27,10.44,60.31,0,1238,1260,872
03/08/2022,25.05,14.7,19.87,24.84,19.62,30.83,10.44,55.06,0,1267,1274,891
03/09/2022,25.01,15.12,20.06,25.07,19.26,31.24,10.74,56.06,0,1246,1259,912
03/10/2022,24.56,15.12,19.84,25.17,17.92,31.66,10.68,58.75,0,1202,1233,927
03/11/2022,24.08,14.05,19.06,24.52,17.77,31.11,10.01,56.12,0,1168,1228,924
03/12/2022,24.15,13.7,18.92,24.48,17.81,31.38,9.77,54.69,0,1187,1251,919
03/13/2022,24.56,14.07,19.32,25.11,17.4,32.03,10.01,54.56,0,1248,1265,936
03/14/2022,25.63,14.91,20.27,25.8,19.34,32.4,10.56,53.69,0,1298,1276,966
03/15/2022,26.32,14.15,20.23,25.99,20.45,32.55,10.07,48.81,0,1325,1313,991
03/16/2022,26.44,16.84,21.64,26.82,21.77,32.87,12.15,59.25,0,1336,1350,994
03/17/2022,26.69,17.08,21.88,26.74,20.9,33.37,12.33,60.38,0,1299,1334,980
03/18/2022,26.8,15.25,21.02,26.79,20.83,33.63,10.86,51.06,0,1225,1283,957
03/19/2022,27.48,16.38,21.94,27.81,22.79,33.56,11.66,52.19,0,1188,1283,944
03/20/2022,26.4,18.89,22.65,28.08,22.08,32.74,13.79,67.31,0,1223,1325,968
03/21/2022,26.61,18.26,22.44,28.2,21.5,33.12,13.18,64.38,0,1277,1361,1008
03/22/2022,27.41,17.51,22.46,28.83,20.92,34.56,12.7,60.69,0,1320,1391,1040
03/23/2022,28.6,19.58,24.08,29.82,22.94,35.44,14.47,63.38,0,1339,1401,1072
03/24/2022,27.34,21.91,24.63,29,24.37,32.33,16.54,74.62,0,1297,1362,1076
03/25/2022,27.18,22.26,24.72,28.95,24.38,31.35,16.78,75.56,0,1194,1298,1042
03/26/2022,27.14,22.69,24.91,28.9,24.94,30.84,17.21,77.44,0.14,1149,1288,1015
03/27/2022,27.48,22.62,25.05,29.72,24.37,32.19,17.15,76.25,1,1253,1342,1032
03/28/2022,27.14,22.15,24.65,29.38,23.6,31.73,16.66,75.5,0.86,1361,1395,1076
03/29/2022,26.93,22.03,24.48,29.19,23.38,31.56,16.6,76.25,0.07,1392,1425,1110
03/30/2022,27.48,22.59,25.04,29.62,24.37,31.76,17.15,75.88,0.44,1379,1417,1120
03/31/2022,27.93,22.58,25.26,30.09,24.7,32.28,17.09,73.75,0.33,1321,1357,1092
04/01/2022,28.05,22.65,25.35,30.03,25.1,32.27,17.15,73.69,0,1234,1300,1055
04/02/2022,27.98,22.51,25.25,30.19,24.78,32.57,17.03,73.69,0,1209,1313,1044
04/03/2022,27.6,22.25,24.93,29.76,23.94,32.23,16.72,73.94,0,1273,1352,1058
04/04/2022,28.3,22.53,25.41,30.26,25.33,32.23,17.03,71.94,0.01,1343,1363,1080
04/05/2022,28.12,22.84,25.48,30.5,24.37,32.8,17.33,74.44,0.16,1372,1359,1103
04/06/2022,28.25,22.35,25.3,30.9,24.74,33.33,16.85,72.12,1.11,1351,1360,1100
04/07/2022,29.98,19.85,24.91,32.17,24.93,36.72,14.71,60.38,0,1297,1364,1084
04/08/2022,28.73,21.33,25.03,31.13,24.12,34.65,15.99,68.31,0,1245,1353,1072
04/09/2022,28.53,21.6,25.06,30.76,24.1,34.08,16.3,70.19,0,1249,1362,1069
04/10/2022,28.8,22.08,25.44,31.53,24.36,34.75,16.72,70.5,0,1290,1394,1073
04/11/2022,28.72,23.64,26.18,30.69,25.26,33.11,18.31,75.75,0.02,1320,1417,1077
04/12/2022,28.92,23.57,26.25,31.37,25.78,33.44,18.25,74.56,0.02,1312,1416,1074
04/13/2022,29.16,22.96,26.06,31.76,26.04,34.1,17.58,70.94,0.01,1274,1396,1064
04/14/2022,28.94,23.48,26.21,30.76,26.73,32.65,18.19,73.44,0,1230,1373,1052
04/15/2022,29.31,23.38,26.34,31.01,27.26,32.83,18.07,71.44,0.04,1238,1370,1044
04/16/2022,28.3,23.58,25.94,29.76,26.58,30.96,18.31,76.25,0.1,1303,1392,1049
04/17/2022,28.55,23.34,25.94,30.33,25.71,32.73,18.01,74.75,0.02,1357,1406,1067
04/18/2022,28.58,23.69,26.13,30.79,25.73,32.42,18.37,76.06,0.02,1388,1408,1093
04/19/2022,28.72,22.82,25.77,31.23,24.72,33.56,17.46,73.12,1.33,1375,1410,1104
04/20/2022,27.77,22.74,25.26,29.6,24.9,32.45,17.4,76.5,16.57,1299,1397,1100
04/21/2022,27.4,21.38,24.4,29.4,23.59,31.86,15.93,71.81,21.81,1226,1378,1106
04/22/2022,27.69,23.17,25.43,29.11,25.05,31.65,17.76,77.69,14.26,1231,1393,1132
04/23/2022,27.86,24.26,26.05,29.55,24.63,31.94,18.98,81.81,18.12,1320,1451,1173
04/24/2022,28.62,24.53,26.57,29.8,25.36,32.94,19.35,80,9.39,1403,1495,1206
04/25/2022,28.58,24.63,26.61,30.37,25.36,32.94,19.47,80.62,0.02,1436,1516,1202
04/26/2022,27.96,24.9,26.43,29.01,25.4,30.78,19.78,84.19,0.28,1473,1534,1183
04/27/2022,28.73,24.69,26.71,29.96,25.55,33.52,19.53,80.81,0.86,1494,1546,1185
04/28/2022,28.64,24.45,26.55,30.24,25.19,33.1,19.29,79.94,0.23,1448,1525,1185
04/29/2022,29.15,23.74,26.44,30.98,24.86,34.38,18.49,75.5,0.01,1356,1460,1153
04/30/2022,29.46,22.81,26.13,30.87,25.42,34.5,17.46,69.5,0.88,1241,1343,1084
05/01/2022,29.9,21.72,25.81,31.55,26.35,34.57,16.36,63.44,0.96,1103,1204,981
05/02/2022,29.65,23.03,26.34,31.12,26.56,33.72,17.7,68.88,2.72,976,1057,888
05/03/2022,28.71,23.3,26.01,30.06,26.16,32.21,17.94,73.56,4.02,880,958,827
05/04/2022,28.48,23.44,25.95,29.68,25.95,31.4,18.13,75.44,11.39,874,1003,827
05/05/2022,28.37,22.02,25.19,30.58,25.39,32.53,16.6,70.44,3.55,976,1135,888
05/06/2022,29.09,21.71,25.4,31.21,25.45,33.98,16.3,66,3.63,1119,1263,974
05/07/2022,30.09,21.94,26.01,32.3,26.42,35.47,16.6,64.19,0.06,1256,1344,1052
05/08/2022,30.19,22.75,26.48,32.51,26,35.47,17.4,66.75,1.52,1328,1360,1084
05/09/2022,28.62,23.9,26.26,30.09,26.44,31.42,18.62,76.5,27.41,1310,1334,1071
05/10/2022,27.3,24.05,25.68,28.42,25.48,29.46,18.74,82.69,33.04,1294,1334,1040
05/11/2022,28.06,24.81,26.44,28.99,25.69,31.08,19.65,82.88,18.02,1329,1354,1020
05/12/2022,29.18,25.48,27.33,30.31,27.15,32.01,20.45,80.94,7.7,1339,1362,1017
05/13/2022,29.12,25.79,27.45,30.04,26.94,31.51,20.94,82.69,5.78,1309,1368,1052
05/14/2022,29.69,25.91,27.8,30.58,27.65,32.65,21.06,80.75,2.92,1320,1406,1106
05/15/2022,29.25,26.34,27.8,29.87,27.37,31.52,21.55,84.81,2.74,1363,1448,1139
05/16/2022,28.71,26.47,27.58,28.95,27.57,30.4,21.73,87.88,3.8,1395,1465,1156
05/17/2022,28.33,26.32,27.33,28.59,27.23,29.72,21.55,88.88,5.13,1421,1459,1152
05/18/2022,28.26,25.05,26.65,28.81,26.95,30.69,20.02,83.62,9.56,1431,1469,1137
05/19/2022,28.42,26.27,27.34,28.93,26.75,30.97,21.48,88.38,13.06,1381,1474,1128
05/20/2022,28.19,26.11,27.15,28.63,26.9,29.47,21.3,88.62,22.2,1272,1418,1110
05/21/2022,28.16,25.97,27.06,28.36,26.96,30.1,21.18,88.12,61.44,1228,1366,1092
05/22/2022,28.81,25.47,27.14,29.55,26.96,31.74,20.57,82.88,18.37,1282,1381,1099
05/23/2022,28.15,25.19,26.67,28.76,25.88,30.9,20.2,84.62,25.88,1342,1406,1110
05/24/2022,28.38,25.12,26.75,29.22,25.02,31.73,20.08,83.31,25.22,1380,1427,1098
05/25/2022,28.39,25.23,26.81,29.08,26.48,30.8,20.2,83.5,16.23,1381,1434,1077
05/26/2022,27.88,25.33,26.61,28.9,25.97,30.41,20.32,86.38,17.73,1320,1392,1043
05/27/2022,28.34,25.08,26.71,28.91,25.95,31.45,20.02,83.25,15.77,1241,1337,998
05/28/2022,28.26,25.3,26.79,29.07,25.08,31.87,20.39,84.88,12.98,1215,1330,983
05/29/2022,27.73,25.26,26.49,28.09,25.7,30.01,20.26,86.94,19.59,1215,1323,986
05/30/2022,27.74,24.9,26.33,28.08,25.8,30.33,19.84,85.12,23.54,1210,1318,996
05/31/2022,27.86,24.72,26.29,28.73,25.62,30.67,19.65,83.69,14.46,1196,1327,1008
06/01/2022,27.62,24.98,26.3,28.33,25.69,29.99,19.9,85.94,13.83,1179,1337,1019
06/02/2022,27.97,25.27,26.62,28.54,25.51,30.55,20.26,85.75,5.73,1169,1327,1018
06/03/2022,28.23,25.97,27.1,28.44,26.54,30.37,21.12,87.69,22.39,1166,1303,1011
06/04/2022,27.8,26.23,27.01,27.85,26.65,29.03,21.42,91.12,32.55,1222,1320,1023
06/05/2022,28.4,25.91,27.15,28.85,26.39,31.01,21.06,86.88,4.42,1301,1374,1064
06/06/2022,28.43,25.97,27.2,28.99,26.23,31.23,21.12,87,1.25,1338,1423,1099
06/07/2022,28.57,26.16,27.37,29.17,26.34,31.24,21.42,87.31,0.9,1333,1432,1106
06/08/2022,28.49,26.13,27.31,28.97,26.57,30.91,21.36,87.5,7.29,1305,1396,1093
06/09/2022,28.27,26.06,27.17,28.46,26.92,30.5,21.24,88.06,11.21,1267,1365,1079
06/10/2022,28.25,25.62,26.93,29.12,26.39,31.05,20.69,86.12,9.79,1223,1375,1079
06/11/2022,28.04,25.5,26.76,28.58,26.04,30.67,20.57,86.62,6.31,1236,1405,1089
06/12/2022,28.35,26.08,27.22,28.69,26.25,30.79,21.24,87.81,4.66,1315,1417,1084
06/13/2022,28.61,26.3,27.45,29.12,26.36,31.23,21.48,87.62,7.64,1376,1401,1060
06/14/2022,28.55,26.5,27.53,28.8,27,30.81,21.79,88.81,19.23,1386,1388,1055
06/15/2022,27.8,26.3,27.05,27.9,26.66,29.34,21.48,91.56,23.6,1342,1366,1072
06/16/2022,27.37,25.53,26.45,27.38,26.25,28.81,20.51,89.75,46.63,1252,1301,1068
06/17/2022,26.94,25.59,26.27,26.96,26.02,28.37,20.57,92.25,82.97,1185,1260,1012
06/18/2022,27.01,25.62,26.31,26.96,25.94,28.52,20.63,92.12,97.89,1185,1294,945
06/19/2022,27.11,25.33,26.22,26.98,26.08,28.26,20.26,90.06,68.87,1197,1330,920
06/20/2022,26.48,24.77,25.62,26.48,25.65,27.67,19.65,90.31,66.75,1200,1311,932
06/21/2022,27.35,25.65,26.51,27.65,25.47,29.43,20.81,90.5,54.3,1232,1295,966
06/22/2022,27.26,24.75,26.01,27.85,25.48,29.75,19.59,86.38,12.44,1272,1300,993
06/23/2022,27.22,25.23,26.22,27.67,25.65,29.03,20.14,89,8.48,1270,1318,1004
06/24/2022,27.65,25.5,26.57,28.05,25.73,29.94,20.51,88.38,6.15,1270,1348,1024
06/25/2022,27.59,25.48,26.54,28.26,25.6,29.93,20.51,88.44,15.75,1346,1387,1063
06/26/2022,27.83,25.61,26.72,28.44,25.48,30.69,20.63,88,4.16,1422,1429,1107
06/27/2022,28.12,25.76,26.94,28.64,26.19,30.29,20.81,87.25,5.12,1414,1454,1131
06/28/2022,27.99,25.8,26.9,28.43,26.48,30.26,20.87,88.12,3.54,1356,1434,1120
06/29/2022,28.23,25.71,26.97,28.67,26.23,30.81,20.81,86.56,28.98,1324,1405,1099
06/30/2022,27.79,26.02,26.9,27.92,26.23,29.48,21.24,90.25,14.27,1312,1405,1087
07/01/2022,27.69,26.2,26.94,27.88,26.64,29.22,21.48,91.62,9.19,1317,1425,1078
07/02/2022,28.19,26.02,27.11,28.64,26.34,30.69,21.24,88.25,4.29,1360,1430,1088
07/03/2022,27.75,25.54,26.64,28.12,26.2,30.11,20.63,87.94,6.6,1391,1412,1120
07/04/2022,27.36,25.4,26.38,27.69,25.81,29.48,20.45,89.19,24.13,1390,1416,1132
07/05/2022,28.15,25.87,27.01,28.56,25.92,30.87,21.06,87.69,7.7,1343,1398,1110
07/06/2022,28.31,25.93,27.12,28.99,26.54,31.05,21.06,87.31,7.93,1265,1333,1064
07/07/2022,28.05,25.42,26.73,29.01,25.89,31,20.45,86.12,6.4,1184,1270,1015
07/08/2022,28.15,25.8,26.97,28.88,26.08,31.01,20.94,87.31,11.52,1150,1271,1009
07/09/2022,28.35,25.33,26.83,29.17,25.9,31.71,20.39,84.31,1.76,1177,1305,1043
07/10/2022,28.01,25.53,26.77,28.77,25.4,31.1,20.63,86.69,3.85,1226,1298,1056
07/11/2022,27.87,25.37,26.62,28.64,25.58,30.93,20.39,86.62,9.32,1252,1278,1030
07/12/2022,28.76,26.04,27.4,29.49,25.44,32.15,21.3,85.81,9.96,1236,1278,996
07/13/2022,28.94,26.27,27.61,29.43,26.29,31.83,21.61,86,0.13,1203,1272,985
07/14/2022,28.65,26.23,27.44,29.23,27.05,30.87,21.55,86.94,0.76,1205,1278,1007
07/15/2022,28.86,26.03,27.44,29.62,26.35,31.84,21.24,85.25,1.17,1235,1303,1035
07/16/2022,28.99,26.12,27.56,29.67,26.31,32.38,21.36,85.06,3.18,1307,1350,1060
07/17/2022,28.7,26.17,27.44,29.44,26.18,31.87,21.36,86.56,4.94,1390,1408,1072
07/18/2022,28.8,26.12,27.46,29.3,26.9,31.61,21.3,85.69,8.84,1435,1443,1080
07/19/2022,28.8,26.15,27.48,29.19,27.04,31.52,21.36,86,11.68,1416,1423,1092
07/20/2022,28.59,26.23,27.41,28.97,26.99,30.76,21.48,87.31,50.14,1366,1378,1080
07/21/2022,28.37,25.65,27.01,28.91,26.49,30.89,20.75,85.75,19.33,1308,1337,1042
07/22/2022,28.36,26.05,27.2,29.19,26.34,30.98,21.24,87.56,10.08,1244,1313,1000
07/23/2022,27.75,25.75,26.75,28.11,26.09,29.99,20.81,88.94,9.57,1232,1299,981
07/24/2022,27.65,25.51,26.58,28.03,25.8,29.83,20.51,88.25,41.16,1257,1316,985
07/25/2022,27.68,23.55,25.62,27.79,25.6,29.5,18.25,78.94,21.74,1274,1363,1005
07/26/2022,28.44,23.72,26.08,28.94,26.11,31.44,18.37,76,10.33,1304,1398,1032
07/27/2022,28.67,25.01,26.84,29.58,25.42,32.16,19.9,81.25,12.89,1353,1425,1062
07/28/2022,28.71,25.89,27.3,29.22,26.57,31.44,20.94,85.06,0.73,1369,1454,1103
07/29/2022,29.09,25.46,27.28,29.82,26.26,32.38,20.45,81.56,3.03,1344,1460,1126
07/30/2022,29.44,25.52,27.48,30.15,27.25,32.62,20.57,80.19,4.51,1349,1465,1139
07/31/2022,28.86,26.1,27.48,29.43,27.23,30.94,21.3,85.31,4.33,1394,1473,1147
08/01/2022,28.98,26.35,27.66,29.64,27.08,31.4,21.61,86,10.2,1444,1474,1139
08/02/2022,29.36,25.59,27.48,30.18,26.94,32.52,20.69,80.88,17.93,1477,1491,1136
08/03/2022,28.19,25.68,26.93,28.57,27.03,30.08,20.75,86.44,25.31,1492,1502,1158
08/04/2022,29.15,26.05,27.6,29.89,26.69,32.29,21.24,83.88,14.13,1494,1498,1183
08/05/2022,28.68,25.79,27.23,29.71,26.41,32.43,20.94,85,9.16,1481,1492,1196
08/06/2022,28.83,26.16,27.5,29.45,26.76,31.55,21.48,85.94,11.17,1451,1479,1212
08/07/2022,29.16,26.08,27.62,29.92,26.37,32.6,21.36,84.12,12.26,1427,1440,1228
08/08/2022,28.45,26.11,27.28,28.84,26.87,30.76,21.42,87.44,7.37,1417,1386,1222
08/09/2022,28.12,26.13,27.13,28.65,26.18,30.11,21.42,89.12,19.37,1393,1358,1199
08/10/2022,27.1,25.77,26.44,27.42,25.73,28.3,20.94,92.38,7.94,1369,1367,1177
08/11/2022,27.83,25.76,26.8,28.3,25.59,30.33,20.87,88.75,6.67,1367,1373,1162
08/12/2022,28.17,25.71,26.94,28.69,26.5,30.87,20.87,86.88,6.49,1367,1370,1138
08/13/2022,27.49,25.83,26.66,27.73,25.65,29.85,21.06,90.75,11.75,1351,1371,1115
08/14/2022,26.96,25.38,26.17,27.18,25.67,29.01,20.39,91.12,16.87,1307,1363,1092
08/15/2022,27.89,25.69,26.79,28.55,25.19,31.03,20.69,88.19,6.43,1281,1368,1091
08/16/2022,28.62,25.7,27.15,29.38,26.61,31.23,20.75,84.69,3.82,1337,1417,1148
08/17/2022,29.18,26.46,27.82,29.62,26.8,31.96,21.79,85.69,2.98,1388,1474,1211
08/18/2022,29.44,26.4,27.92,29.7,26.24,34.55,21.79,84.69,21.98,1358,1464,1220
08/19/2022,27.94,25.56,26.75,28.55,25.37,31.79,20.69,87.38,12.83,1313,1422,1203
08/20/2022,27.97,25.49,26.73,28.73,25.78,30.76,20.51,86.81,5.27,1354,1440,1193
08/21/2022,27.77,25.55,26.65,28.7,25.65,30.19,20.63,87.94,9.83,1426,1483,1202
08/22/2022,28.63,25.74,27.19,29.53,26.69,31.66,20.87,84.81,10.29,1439,1504,1209
08/23/2022,27.77,25.23,26.5,28.44,26.16,30.23,20.2,86.25,47.73,1439,1493,1192
08/24/2022,27.73,25.05,26.39,28.59,25.18,30.52,19.96,85.69,8.52,1461,1460,1160
08/25/2022,28.68,25.09,26.89,29.74,26.37,31.65,20.02,81.44,4.16,1412,1417,1127
08/26/2022,27.72,25.36,26.54,28.31,26.12,29.79,20.39,87.19,2.29,1297,1363,1108
08/27/2022,27.4,25.01,26.21,27.69,25.86,29.44,19.96,86.94,4.1,1233,1341,1096
08/28/2022,27.51,24.72,26.12,28.12,25.68,29.89,19.53,85.06,9.96,1269,1358,1083
08/29/2022,28.5,25.07,26.78,29.41,25.87,31.54,19.96,82.25,3.89,1352,1424,1103
08/30/2022,29.15,25.47,27.31,29.97,26.85,32.11,20.39,81.06,2.61,1413,1512,1172
08/31/2022,28.49,26.05,27.27,29.05,26.89,30.53,21.18,86.88,0.99,1427,1527,1194
09/01/2022,28.72,25.81,27.26,29.11,26.87,31.26,20.87,84.81,11.82,1372,1466,1155
09/02/2022,28.24,25.48,26.86,29.11,26.72,30.19,20.45,85.25,34.59,1275,1409,1092
09/03/2022,28.73,25.69,27.21,29.58,26.73,31.07,20.75,83.81,20.46,1240,1412,1053
09/04/2022,29.09,26.51,27.8,29.62,27.49,31.44,21.79,86.19,20.2,1287,1444,1085
09/05/2022,28.93,26.51,27.72,29.35,27.47,31.18,21.79,87,24.01,1343,1482,1132
09/06/2022,29.07,26.48,27.77,29.61,27.19,31.78,21.73,86.31,30.85,1411,1527,1159
09/07/2022,29.15,26.31,27.73,29.62,27.44,31.82,21.48,85,3.26,1475,1553,1165
09/08/2022,30.01,26.33,28.17,30.33,26.6,34.45,21.55,81.81,15.09,1451,1515,1158
09/09/2022,28.48,26.16,27.32,28.97,27.3,30.42,21.3,87.5,16.89,1353,1439,1152
09/10/2022,27.62,25.75,26.69,28.08,26.48,29.08,20.75,89.62,18.87,1308,1385,1123
09/11/2022,27.17,25.45,26.31,27.63,25.94,29.28,20.45,90.5,35.82,1311,1376,1061
09/12/2022,26.77,25.48,26.12,27.24,25.26,28.4,20.45,92.69,39.77,1288,1380,1026
09/13/2022,27.47,25.84,26.65,27.45,26.3,28.98,20.87,90.81,32.9,1267,1373,1019
09/14/2022,27.36,24.85,26.11,27.8,25.78,29.26,19.65,86.44,24.19,1276,1359,1007
09/15/2022,27.79,25.3,26.55,28.37,25.88,29.99,20.26,86.56,8.7,1285,1368,1010
09/16/2022,28.01,25.77,26.89,28.46,26.43,30.4,20.87,87.88,9.07,1245,1400,1036
09/17/2022,28.21,25.4,26.8,28.7,26.29,30.83,20.39,85.25,5.5,1234,1431,1061
09/18/2022,28.14,25.64,26.89,28.83,26.01,30.54,20.69,86.56,14.87,1297,1433,1065
09/19/2022,28.06,25.85,26.95,28.43,25.98,31.03,20.94,88,23,1354,1423,1067
09/20/2022,27.48,25.34,26.4,28.15,25.01,30.3,20.32,88.44,2.49,1399,1438,1089
09/21/2022,27.58,25.42,26.5,28.28,25.45,30.12,20.39,88.31,4.74,1424,1444,1107
09/22/2022,28.01,25.51,26.76,28.57,26.1,30.97,20.51,86.69,8.09,1405,1413,1108
09/23/2022,27.96,25.05,26.51,28.33,26.44,29.88,19.96,84.44,9.52,1358,1378,1116
09/24/2022,27.98,24.51,26.25,28.04,26.4,29.91,19.29,81.69,8.84,1373,1391,1126
09/25/2022,27.94,24.94,26.44,28.3,26.49,30.23,19.84,83.88,18.33,1416,1457,1136
09/26/2022,26.9,24.24,25.57,27.07,25.77,27.94,18.98,85.5,3.88,1446,1503,1160
09/27/2022,28.12,24.24,26.19,28.74,25.76,31.13,19.04,79.88,8.55,1482,1521,1200
09/28/2022,28.52,25.22,26.87,28.8,26.5,30.9,20.2,82.81,3.05,1509,1539,1231
09/29/2022,29.07,25.73,27.4,29.48,25.86,32.73,20.81,82.94,2.38,1495,1525,1212
09/30/2022,28.37,25.46,26.91,28.64,25.53,31.64,20.51,84.88,5.56,1450,1464,1156
10/01/2022,28.48,25.74,27.11,28.65,26.68,31.09,20.87,85.56,24.23,1470,1417,1118
10/02/2022,27.96,25.76,26.86,28.4,26.58,29.76,20.87,88.06,32.81,1501,1396,1097
10/03/2022,28.01,25.95,26.98,28.3,26.68,30.4,21.06,88.88,32.12,1468,1348,1077
10/04/2022,27.93,25.26,26.59,28.55,25.62,30.61,20.14,85.81,12.25,1433,1301,1052
10/05/2022,28.28,25.01,26.65,28.87,25.76,31.48,19.84,83.19,8.83,1403,1356,1047
10/06/2022,28.56,24.6,26.58,29.15,26.21,31.5,19.35,79.75,7.64,1392,1429,1067
10/07/2022,28.33,24.4,26.37,28.83,25.47,31.46,19.1,80.12,0.41,1387,1460,1106
10/08/2022,28.71,24.44,26.58,29.27,25.86,31.52,19.17,78.44,3.37,1375,1473,1147
10/09/2022,28.39,25.18,26.79,29.14,26.63,31.02,20.02,83.12,16.4,1362,1452,1145
10/10/2022,27.51,24.76,26.14,27.86,26.23,29.54,19.47,85.25,24.83,1354,1439,1091
10/11/2022,27.6,25.08,26.33,28.15,26.1,29.9,19.9,86.31,19.97,1356,1453,1060
10/12/2022,27.29,24.53,25.9,27.82,26.09,28.81,19.23,85.06,6.31,1371,1470,1063
10/13/2022,28.41,23.14,25.77,28.8,26.12,30.65,17.7,73.5,5.11,1360,1432,1077
10/14/2022,27.7,23.73,25.71,28.31,25.03,30.99,18.37,79.38,0.93,1347,1397,1091
10/15/2022,27.5,24.84,26.17,28.14,24.07,31.45,19.65,86.12,5.99,1391,1448,1088
10/16/2022,28.26,24.82,26.54,28.86,24.43,32.75,19.59,82.88,0.85,1424,1477,1076
10/17/2022,27.69,24.76,26.23,28.01,25.85,29.91,19.53,84.5,0.56,1405,1428,1068
10/18/2022,28.3,23.27,25.79,27.83,26.12,29.9,17.82,74.56,2.7,1368,1366,1061
10/19/2022,28.02,23.28,25.65,28.19,24.87,30.59,17.82,75.88,6.14,1327,1334,1044
10/20/2022,28.25,23.4,25.83,28.56,24.63,32.09,18.01,76.12,1.53,1292,1325,1036
10/21/2022,28.19,24.21,26.19,28.62,24.56,32.52,18.86,80.38,0.67,1265,1331,1048
10/22/2022,28.82,23.02,25.92,28.74,24.33,33.18,17.58,73.06,0.55,1254,1329,1060
10/23/2022,26.41,23.26,24.84,26.57,24.58,28.55,17.82,83.06,28.28,1189,1208,1022
10/24/2022,25.84,24.24,25.04,26.07,24.33,27.82,19.04,90.88,62.7,1054,1023,906
10/25/2022,25.72,23.09,24.4,26.49,23.45,27.99,17.7,85.56,12.61,1000,1002,785
10/26/2022,24.44,21.44,22.94,24.97,21.34,28.52,15.87,84.56,3.03,1066,1087,747
10/27/2022,23.98,21.03,22.51,24.51,19.8,29,15.5,85,0,1088,1126,745
10/28/2022,24.48,19.89,22.19,24.62,19.76,29.33,14.47,77.38,0,1061,1145,760
10/29/2022,25.44,21.39,23.41,26.02,20.65,30.16,15.93,78.94,0.2,1127,1224,812
10/30/2022,26.7,23.26,24.98,27.32,23.22,30.98,17.82,82.25,3.31,1258,1331,884
10/31/2022,26.92,24.08,25.5,27.55,23.19,31.07,18.74,85.19,5.6,1321,1399,950
11/01/2022,27.34,23.87,25.61,27.83,23.68,31.75,18.49,82.5,0.01,1339,1427,979
11/02/2022,26.83,22.74,24.79,27.29,23.29,30.82,17.27,79.5,0,1342,1421,965
11/03/2022,25.82,22.46,24.14,26.57,22.73,29.04,16.97,82.38,0,1286,1356,940
11/04/2022,25.51,22.22,23.87,26.19,22.43,29.27,16.66,82.69,0,1196,1261,919
11/05/2022,26.08,21.63,23.86,26.52,22.26,30.41,16.05,77.19,0.94,1186,1236,909
11/06/2022,26.12,21.63,23.87,26.33,22.88,29.43,16.05,77.12,0.09,1247,1268,905
11/07/2022,25.44,20.48,22.95,25.45,21.51,29.29,14.95,75.25,1.88,1288,1287,902
11/08/2022,24.8,19.41,22.1,24.77,20.55,28.97,13.98,73.25,0,1265,1268,894
11/09/2022,25.09,18.8,21.94,24.93,21.12,29.28,13.49,69.31,0,1219,1232,865
11/10/2022,24.83,18.22,21.52,24.65,20.3,28.65,13,67.88,0,1154,1176,820
11/11/2022,24.81,18.41,21.62,24.92,20.83,28.73,13.12,68.5,0,1074,1113,796
11/12/2022,23.22,19.11,21.16,23.7,19.77,27.65,13.73,78.94,0,1035,1098,792
11/13/2022,21.87,19.04,20.45,22.65,17.48,27.1,13.67,85.12,0.31,1057,1133,785
11/14/2022,22.79,19.05,20.92,23.24,18.44,28.17,13.67,80.69,2.3,1108,1162,783
11/15/2022,23.12,17.98,20.55,23.26,18.68,27.86,12.82,74.56,0,1140,1159,787
11/16/2022,22.54,17.26,19.9,22.62,18.48,26.76,12.27,73.12,0,1144,1142,787
11/17/2022,21.74,17.58,19.66,22.08,16.96,27.63,12.51,78.94,0,1116,1116,784
11/18/2022,21.01,17.22,19.12,21.55,16.45,26.59,12.21,80.62,0,1082,1094,777
11/19/2022,22.19,18.56,20.37,22.94,16.44,28.99,13.31,81.44,0.01,1098,1124,786
11/20/2022,24.42,20.37,22.4,24.48,19.93,29.37,14.95,79.12,1.86,1141,1170,810
11/21/2022,24.27,20.92,22.6,24.8,20.66,28.91,15.44,82.38,0.05,1155,1187,827
11/22/2022,22.69,19.25,20.98,23.25,18.69,27.76,13.92,82.19,0,1133,1159,813
11/23/2022,21.27,18.23,19.75,21.81,17.29,26.35,13,83.75,0,1095,1111,777
11/24/2022,21.1,17.89,19.5,21.63,16.35,26.89,12.76,82.56,0.01,1037,1065,739
11/25/2022,22.65,18.92,20.79,23.08,16.85,28.89,13.61,80.88,2.67,986,1038,717
11/26/2022,23.7,20.04,21.87,24.08,20.19,28.61,14.59,80.81,0.01,997,1053,723
11/27/2022,23.3,19.97,21.64,23.99,19.86,27.29,14.53,82.38,0.28,1060,1091,746
11/28/2022,24.23,21.3,22.76,25.09,20.03,28.54,15.87,84.25,0.28,1122,1129,777
11/29/2022,25.72,22.59,24.15,26.33,22.27,29.76,17.09,83.69,0.22,1160,1152,814
11/30/2022,25.15,22.48,23.82,25.87,22.08,28.69,16.97,85.75,0.16,1163,1148,828
12/01/2022,24.19,20.72,22.45,24.69,20.84,28.64,15.2,82.06,0.08,1091,1094,800
12/02/2022,22,19.07,20.53,22.75,18.05,26.96,13.73,84.62,0,1003,1031,765
12/03/2022,21.11,18.05,19.58,21.75,16.7,26.07,12.88,83.12,0,968,1026,754
12/04/2022,21.08,17.66,19.37,21.62,16.9,26.39,12.57,82.19,0,987,1034,764
12/05/2022,20.85,18.12,19.49,21.4,16.17,26.74,12.94,85.06,0,1042,1030,766
12/06/2022,21,17.09,19.05,21.16,16.53,25.95,12.08,79.56,0,1061,1040,754
12/07/2022,20.67,15.66,18.16,21.01,16.64,25.78,11.11,74.25,0,1052,1089,754
12/08/2022,20.52,15.33,17.93,20.26,16.37,25.52,10.8,73.88,0,1058,1130,772
12/09/2022,20.3,14.34,17.32,20.25,15.87,25.44,10.19,69.75,0,1046,1113,784
12/10/2022,20.65,16.74,18.7,21.13,16.48,25.72,11.84,79.25,0,1005,1091,767
12/11/2022,20.35,16.79,18.57,20.69,16.86,25.62,11.9,81.75,0,993,1103,735
12/12/2022,19.69,16.01,17.84,20.08,14.98,25.32,11.29,81.06,0,1000,1102,711
12/13/2022,19.28,16.07,17.67,19.94,14.79,24.8,11.35,83.44,0,995,1083,699
12/14/2022,19.67,16.58,18.12,19.96,15.59,25.19,11.72,83.94,0,980,1065,694
12/15/2022,18.96,15.33,17.15,19.47,14.94,24.24,10.86,81.06,0,927,1014,684
12/16/2022,18.26,15.83,17.05,18.77,13.6,24.3,11.17,86.31,0,840,945,652
12/17/2022,19.12,15.78,17.45,19.43,14.12,24.62,11.17,81.69,0,829,946,622
12/18/2022,20.51,15.65,18.08,20.47,16.27,24.8,11.05,74.25,0,896,1013,628
12/19/2022,21.08,16.82,18.95,21.08,16.48,26.22,11.9,77.69,0,983,1082,677
12/20/2022,20.37,15.9,18.13,20.34,16.3,24.99,11.23,77.06,0,1070,1119,744
12/21/2022,19.69,15.34,17.51,19.94,15.82,24.75,10.86,77.31,0,1132,1122,770
12/22/2022,19.55,15.37,17.47,19.56,15.08,24.54,10.86,78.5,0,1134,1110,754
12/23/2022,18.87,15.46,17.16,19.2,14.72,24.63,10.93,82,0,1066,1067,731
12/24/2022,18.69,13.93,16.31,18.73,13.36,24.15,9.89,75.88,0,1014,1020,715
12/25/2022,19.87,14.33,17.1,19.26,14.05,25.26,10.13,71.81,0,1033,1036,712
12/26/2022,21.01,15.69,18.35,20.29,16.45,26.04,11.05,72.31,0,1077,1084,729
12/27/2022,21.19,17.94,19.56,20.74,17.63,25.19,12.76,82.25,1.29,1094,1102,748
12/28/2022,21,18.9,19.94,21.38,17.74,24.05,13.55,87.88,29.75,1076,1086,749
12/29/2022,19.23,15.54,17.39,20.03,15.12,24.01,10.93,80.56,0.25,1032,1039,741
12/30/2022,17.31,12.27,14.79,17.65,13.32,22.55,8.85,74.75,0.07,983,999,744
12/31/2022,17.4,12.67,15.04,17.85,13.08,22.77,9.03,75.69,0,958,987,756
01/01/2023,17.44,12.93,15.19,17.72,13.28,23.15,9.22,76.56,0,949,984,764
01/02/2023,17.37,12.54,14.95,17.76,12.44,23.58,8.97,75.94,0,945,999,740
01/03/2023,16.93,12.56,14.74,17.34,11.58,23.3,8.97,77.62,0,952,1001,698
01/04/2023,16.39,12.91,14.65,17.19,11.29,22.53,9.22,81.88,0,964,984,672
01/05/2023,16.69,13.84,15.26,17.62,11.1,23.62,9.77,84.56,0,952,968,652
01/06/2023,17.06,14.32,15.69,17.81,11.76,23.16,10.07,84.62,0,915,948,628
01/07/2023,17.75,15.28,16.51,18.6,12.72,23.12,10.74,85.81,0,911,950,625
01/08/2023,19.25,16.2,17.73,19.81,14.83,24.84,11.41,83.62,0.04,946,987,644
01/09/2023,19.77,15.87,17.82,19.87,14.42,25.8,11.17,79.69,0.03,961,1022,655
01/10/2023,20.3,15.19,17.75,19.83,16.1,25.83,10.68,73.62,0,968,1039,662
01/11/2023,18.67,13.6,16.13,18.59,14.19,24.39,9.64,73.88,0,1000,1044,679
01/12/2023,17.83,11.79,14.8,17.79,13.69,23.3,8.54,69.62,0,1008,1022,691
01/13/2023,18.16,11.6,14.88,17.66,12.78,23.67,8.48,67.88,0,976,996,694
01/14/2023,18.99,13.15,16.07,18.58,13.82,23.95,9.46,69.69,0,969,1008,702
01/15/2023,19.18,14.2,16.69,19.09,15.61,24.23,10.07,73.44,0,1004,1017,704
01/16/2023,18.13,13.14,15.64,18.26,13.66,23.65,9.34,74.19,0,1043,1016,698
01/17/2023,17.28,12.07,14.68,17.78,12.74,23.43,8.73,73.44,0,1068,1028,703
01/18/2023,16.56,11.21,13.88,17.14,11.89,22.67,8.24,72.75,0,1069,1036,714
01/19/2023,16.01,10.93,13.48,16.6,11,22.6,8.06,74.06,0,1051,1020,708
01/20/2023,16.2,9.89,13.05,16.74,10.9,22.67,7.57,68.62,0,1037,998,704
01/21/2023,17.34,10.13,13.74,17.42,11.65,24.08,7.69,64.5,0,1046,1011,717
01/22/2023,18.15,11.46,14.8,17.73,12.77,24.79,8.42,66.31,0,1087,1039,727
01/23/2023,18.83,13.25,16.04,18.64,13.27,25.12,9.46,71.81,0,1100,1063,728
01/24/2023,19.85,13.58,16.72,19.36,14.46,26.44,9.7,68.56,0,1083,1075,716
01/25/2023,20.34,14.07,17.2,19.62,15.62,26.42,10.01,68.56,0,1059,1060,698
01/26/2023,20.43,15.16,17.8,20.25,15.44,26.58,10.74,73.19,0,1012,1018,685
01/27/2023,20.8,16.55,18.67,20.8,16.69,26.8,11.72,78.19,0,962,973,673
01/28/2023,20.61,16.6,18.6,21.02,15.63,26.99,11.78,79.81,0,968,971,666
01/29/2023,20.62,15.07,17.84,20.78,15.4,26.86,10.62,73.25,0,1005,992,667
01/30/2023,20.83,14.73,17.78,21.01,15.57,27.05,10.44,69.06,0,1034,1009,679
01/31/2023,21.35,15.62,18.48,21.01,16.2,26.78,11.05,71.62,3.14,1058,1027,696
02/01/2023,21.14,15.98,18.56,21.17,16.69,26.73,11.29,73.94,0,1091,1044,706
02/02/2023,20.27,12.33,16.3,20.49,14.99,26.62,8.97,63.19,0,1055,1027,728
02/03/2023,18.6,10.54,14.57,18.8,12.2,25.62,7.93,61.12,0,967,1006,737
02/04/2023,19.18,12.37,15.77,19.39,13.68,25.24,8.97,66.25,0,934,1005,696
02/05/2023,19.65,12.61,16.13,19.77,14.3,25.82,9.09,66.19,0,953,1015,664
02/06/2023,20.03,11.35,15.69,19.61,14.47,25.85,8.36,59.19,0,987,1043,665
02/07/2023,20.09,13.64,16.87,20.25,14.77,25.6,9.77,67.69,0,1025,1072,673
02/08/2023,21.23,15.37,18.3,21.58,15.97,27.34,10.86,71.88,0,1044,1082,680
02/09/2023,21.75,15.9,18.82,22.19,16.48,27.48,11.23,71.44,0,1000,1056,680
02/10/2023,21.52,15.14,18.33,21.95,16.97,27.01,10.68,68.56,0,939,1027,678
02/11/2023,21.77,13.43,17.6,21.94,15.65,27.46,9.58,62,0,949,1043,687
02/12/2023,22.04,14.73,18.38,22.37,16.98,26.96,10.44,64.06,0,973,1062,701
02/13/2023,21.4,11.43,16.41,21.54,16.2,26.76,8.73,57.44,0,963,1061,703
02/14/2023,19.59,8.25,13.92,20.15,13.25,26.78,6.77,50.19,0,952,1046,693
02/15/2023,20.22,9.19,14.7,20.23,14.49,26.47,7.2,51.06,0,967,1029,683
02/16/2023,20.83,10.61,15.72,20.95,14.78,27.43,7.93,54.12,0,938,1025,686
02/17/2023,21.73,12.76,17.24,21.85,16.43,27.37,9.16,58.69,0,872,1026,693
02/18/2023,22.51,14.03,18.26,22.67,17.62,28.12,9.95,59.94,0,867,1040,697
02/19/2023,22.85,15.78,19.31,23.22,18.05,28.36,11.17,65.81,0,916,1048,707
02/20/2023,23.54,17.21,20.37,23.8,18.63,28.61,12.21,69.56,0,951,1033,720
02/21/2023,23.28,18.85,21.07,24.14,18.93,28.63,13.55,78.12,0,969,1030,738
02/22/2023,23.17,19.96,21.57,24.46,18.78,28.73,14.53,83.31,0,1015,1078,767
02/23/2023,23.31,19.87,21.59,24.67,19.85,28.22,14.47,82.31,0,1011,1100,796
02/24/2023,24.37,18.73,21.55,25.86,18.83,30.3,13.43,73.25,0,963,1087,804
02/25/2023,24.91,15.59,20.25,25.46,19.98,31.47,10.99,58.94,0,982,1093,775
02/26/2023,25.06,12.78,18.92,25.01,18.42,31.55,9.16,48.56,0.08,1037,1111,744
02/27/2023,25.37,12.53,18.95,25.17,19.26,31.02,8.97,46.06,0.03,1057,1128,748
02/28/2023,25.03,14.32,19.67,25.29,19.73,30.9,10.13,53.19,0,1060,1139,764
03/01/2023,24.64,13.4,19.02,25.17,18.65,31.92,9.58,53.25,0,1056,1138,765
03/02/2023,24.71,13.22,18.96,25.4,17.88,32.03,9.4,51.25,0,1032,1125,766
03/03/2023,25.19,13.27,19.23,25.77,18.32,32.43,9.46,50.38,0,1015,1125,772
03/04/2023,26.23,13.07,19.65,26.43,19.95,33.09,9.34,46.25,0,1039,1146,785
03/05/2023,26.35,14.24,20.3,26.86,20.45,32.79,10.07,49.12,0,1079,1159,796
03/06/2023,26.2,18.15,22.18,27.34,20.72,32.15,13.06,64.88,0,1091,1138,796
03/07/2023,26.99,16.21,21.6,27.46,21.71,32.87,11.6,56.06,0,1052,1098,783
03/08/2023,26.33,13.05,19.69,26.77,20.67,32.34,9.34,45.81,0,1009,1090,776
03/09/2023,26.42,13.81,20.12,27.01,20.81,33.19,9.83,47.25,0,1007,1120,782
03/10/2023,25.5,13.57,19.54,25.93,21.05,30.82,9.64,49,0,1012,1143,792
03/11/2023,25.91,14.44,20.18,25.96,20.94,31.44,10.19,50.31,0,1060,1173,809
03/12/2023,27.09,13.76,20.43,27.65,20.3,35.33,9.77,46.31,0,1128,1196,828
03/13/2023,27.26,13.57,20.42,27.83,20.48,34.31,9.64,45.19,0,1153,1200,860
03/14/2023,25.52,19.4,22.46,25.87,22.19,29.16,14.16,71,0,1154,1215,909
03/15/2023,25.73,19.12,22.42,27.34,21.74,31.09,13.85,69.75,0.03,1187,1250,957
03/16/2023,24.99,18.65,21.83,25.91,21.38,29.46,13.43,70.06,0.05,1248,1295,981
03/17/2023,25.84,16.65,21.25,26.45,20.57,31.58,11.84,59.62,0,1265,1305,977
03/18/2023,25.76,17.33,21.55,26.75,21.55,31.53,12.33,61.62,1.79,1211,1259,947
03/19/2023,24.35,18.28,21.32,25.12,21.48,28.33,13.12,70.56,7.79,1142,1190,888
03/20/2023,23.45,19.73,21.59,24.23,21.58,25.33,14.34,79.81,11.75,1098,1117,819
03/21/2023,23.73,20.53,22.13,24.23,21.76,26.17,15.08,82.5,28.82,1085,1115,788
03/22/2023,24.14,20.01,22.08,25.58,21.93,27.31,14.59,78.44,15.44,1141,1202,844
03/23/2023,23.99,19.45,21.73,25.58,20.22,28.19,14.1,77.12,9.99,1233,1298,964
03/24/2023,25.51,18.5,22.01,26.9,21.16,30.51,13.31,67.12,1.63,1268,1324,1037
03/25/2023,26.29,19.09,22.69,27.26,21.88,31.23,13.79,66.12,2.29,1219,1279,1016
03/26/2023,26.82,20.39,23.61,28.37,22.45,31.97,14.95,69.88,0.1,1175,1244,972
03/27/2023,26.67,20.81,23.74,28.4,22.52,32.09,15.38,73.12,1.26,1196,1258,969
03/28/2023,26.55,21.83,24.19,28.31,22.78,31.19,16.36,76.81,1.52,1216,1264,982
03/29/2023,26.83,21.58,24.21,28.09,22.67,31.2,16.11,75,5.99,1212,1235,979
03/30/2023,26.34,21.13,23.74,27.83,22.26,30.66,15.69,74.62,6.94,1188,1213,954
03/31/2023,25.62,21.9,23.76,27.15,22.46,29.51,16.42,81.19,21.61,1139,1175,919
04/01/2023,25.56,22.41,23.99,26.55,23.66,28.4,16.97,83.12,27.06,1109,1137,906
04/02/2023,25.26,21.39,23.33,26.86,22.95,28.65,15.93,79.88,11.81,1130,1157,915
04/03/2023,25.54,21.65,23.59,26.96,21.54,29.88,16.17,80.56,7.13,1184,1213,937
04/04/2023,26.3,22.35,24.33,27.3,22.09,30.69,16.91,80.81,7.16,1232,1262,965
04/05/2023,26.55,23.35,24.94,27.72,22.8,30.93,17.94,83.88,1.43,1242,1285,982
04/06/2023,27.3,22.42,24.87,27.98,23.6,31.4,16.97,76.44,14.23,1226,1298,995
04/07/2023,27.87,19.5,23.69,27.47,22.65,32.5,14.1,61.75,6.25,1200,1307,1002
04/08/2023,28.15,19.02,23.58,28.11,22.19,33.51,13.73,59,0.04,1190,1311,1006
04/09/2023,28.69,19.45,24.07,28.67,23.66,33.39,14.1,58.62,0.04,1219,1326,1013
04/10/2023,28.64,20.37,24.5,29.16,22.94,34.4,14.95,63.69,0.14,1283,1364,1044
04/11/2023,29.17,21.98,25.58,29.83,24.23,35.08,16.66,69.38,0,1337,1417,1092
04/12/2023,29.22,21.83,25.52,30.22,23.99,35.29,16.54,68.94,0,1347,1455,1117
04/13/2023,29.19,22.01,25.6,30.05,24.29,35.3,16.72,70,0,1332,1476,1122
04/14/2023,29.85,20.98,25.42,30.63,23.47,36.05,15.62,62.69,0,1351,1494,1156
04/15/2023,30.75,21.65,26.2,31.1,24.78,36.68,16.3,61,0,1422,1480,1220
04/16/2023,29.75,23.34,26.55,30.57,25.65,34.54,18.07,70.75,0,1484,1459,1253
04/17/2023,28.54,24.5,26.51,29.09,25.03,32.55,19.29,80.19,0,1502,1480,1235
04/18/2023,28.74,24.84,26.79,29.94,25.29,33.09,19.65,80.88,0,1479,1478,1187
04/19/2023,28.85,24.73,26.79,30.17,25.17,33.62,19.59,80.25,0,1409,1441,1136
04/20/2023,28.44,24.45,26.45,29.3,25.27,32.55,19.35,80.56,0.08,1303,1400,1103
04/21/2023,28.64,24.05,26.34,29.52,25.07,33.1,18.86,78.25,2.34,1196,1344,1081
04/22/2023,28.49,22.83,25.66,30.39,23.91,33.88,17.52,73.94,1.32,1080,1227,1004
04/23/2023,29.05,21.58,25.32,29.98,25.4,32.81,16.17,65.69,2.09,991,1108,889
04/24/2023,29.45,20.46,24.96,30.65,25.44,33.98,15.01,60.06,0.31,1033,1123,871
04/25/2023,29.4,19.94,24.67,31.05,24.2,34.68,14.53,58.94,0,1147,1213,944
04/26/2023,29.93,20.03,24.98,31.38,24.74,35.28,14.65,57.69,0,1230,1279,1008
04/27/2023,29.91,21.16,25.54,31.88,25.05,35.17,15.75,62.12,0.07,1245,1299,1021
04/28/2023,29.32,21.87,25.59,31.42,25.72,33.69,16.42,66.31,1.22,1230,1317,1026
04/29/2023,30.41,21.99,26.2,32.18,26.97,35.44,16.6,63.12,1.19,1256,1351,1051
04/30/2023,29.9,21.82,25.86,31.55,26.01,34,16.42,63.62,0.21,1268,1364,1079
05/01/2023,30.58,21.84,26.21,32.51,26.4,35.5,16.42,61.38,0.02,1224,1357,1084
05/02/2023,29.83,20.53,25.18,31.68,26.16,34.24,15.08,59,0,1187,1368,1082
05/03/2023,29.87,21.25,25.56,32.16,26.83,34.19,15.81,61.56,1.36,1178,1369,1087
05/04/2023,29.69,20.94,25.31,31.75,26.7,34.08,15.5,61,0.95,1178,1359,1072
05/05/2023,29.44,21.65,25.55,31.63,27,32.81,16.24,63.75,2.28,1178,1371,1051
05/06/2023,30.18,22.9,26.55,32.92,26.9,34.5,17.58,66.56,1.92,1178,1403,1052
05/07/2023,31.23,21.8,26.51,33.42,27.01,36.46,16.48,59.81,0.49,1178,1433,1074
05/08/2023,32.44,20.14,26.29,33.96,26.08,38.55,14.83,50.38,0,1178,1464,1094
05/09/2023,32.24,22.81,27.53,33.84,26.89,37.95,17.58,60.31,0,1178,1486,1116
05/10/2023,31.41,24.19,27.8,33.72,27.44,36.68,19.04,68,0.01,1178,1476,1127
05/11/2023,31.31,23.3,27.3,33.93,27.07,36.92,18.07,65.75,0,1178,1424,1105
05/12/2023,30.38,23.44,26.91,32.26,27.33,34.26,18.13,67.94,0.04,1178,1311,1044
05/13/2023,28.72,24.12,26.42,30.08,26.24,30.81,18.86,76.69,10.13,1178,1145,927
05/14/2023,27.37,20.98,24.17,28.19,24.87,30.74,15.75,69.12,1.45,1178,1032,769
05/15/2023,28.11,20.67,24.39,30.98,23.43,32.9,15.32,65.31,6.17,1178,1089,644
05/16/2023,28.61,24.82,26.72,29.75,25.78,32.23,19.65,80.81,21.51,1178,1158,652
05/17/2023,27.51,25.03,26.27,28.19,25.26,30.19,19.84,86.81,31.09,1178,1148,748
05/18/2023,27.32,25.07,26.19,28.17,25.68,29.36,19.9,87.81,28.27,1178,1167,840
05/19/2023,27.4,24.48,25.94,28.48,24.87,30.47,19.23,84.69,7.39,1178,1275,938
05/20/2023,27.62,24.87,26.25,28.26,25.65,30.08,19.71,85.44,0.52,1177,1402,1015
05/21/2023,27.75,24.24,26,28.99,24.69,31.38,18.98,82.31,1.64,1177,1451,1041
05/22/2023,27.81,24.87,26.34,28.68,25.48,30.5,19.65,84.62,6.95,1177,1394,1050
05/23/2023,27.79,25.19,26.48,28.37,25.61,30.49,20.08,86.31,19.3,1176,1272,1024
05/24/2023,26.9,23.99,25.44,27.58,25.21,29.4,18.68,84.75,34.78,1181,1211,973
05/25/2023,27.04,24.62,25.83,27.82,24.57,29.76,19.41,86.94,28.53,1188,1258,979
05/26/2023,27.74,25.04,26.39,28.4,25.76,30.3,19.9,85.69,11.88,1204,1320,1013
05/27/2023,27.92,24.65,26.29,28.58,25.68,30.83,19.47,83,12.72,1269,1375,1051
05/28/2023,29.05,23.87,26.45,30.1,25.83,32.57,18.55,74.38,0.17,1361,1438,1106
05/29/2023,30.14,24.45,27.3,30.59,27.18,33.67,19.23,72.38,1.11,1429,1486,1151
05/30/2023,30.01,25.18,27.59,30.75,26.26,33.99,20.14,76.5,0,1455,1521,1165
05/31/2023,29.85,26.23,28.04,30.34,27.67,32.94,21.42,81.88,0.37,1445,1533,1152
06/01/2023,29.04,26.1,27.57,29.44,27.35,31.61,21.3,84.62,4.69,1413,1505,1132
06/02/2023,28.99,26.02,27.51,29.8,26.66,31.83,21.18,84.62,3.08,1415,1521,1149
06/03/2023,28.8,26.26,27.53,29.37,26.7,31.33,21.42,86.62,0.43,1459,1593,1198
06/04/2023,28.95,25.87,27.41,29.79,26.68,31.6,20.94,84.06,1.15,1493,1616,1219
06/05/2023,30.28,25.55,27.91,31.12,27.23,33.9,20.63,77,1.33,1494,1556,1186
06/06/2023,29.29,23.61,26.45,29.46,27.88,31.65,18.55,73.38,3,1461,1503,1142
06/07/2023,30.1,24.53,27.32,30.25,26.61,33.16,19.41,73.31,10.27,1402,1462,1129
06/08/2023,29.28,26.07,27.67,30.29,27.26,31.98,21.3,83.38,57.57,1329,1388,1112
06/09/2023,29.33,24.69,27.01,30.01,26.9,32.15,19.65,77.19,27.91,1240,1303,1043
06/10/2023,28.64,25.62,27.13,29.62,26.79,31.6,20.75,84.06,24.43,1162,1260,975
06/11/2023,28.63,25.72,27.17,29.22,26.52,31.19,20.87,84.56,53.43,1167,1282,973
06/12/2023,28.55,26.37,27.46,29.24,26.35,31.3,21.73,88.25,21.64,1255,1348,1027
06/13/2023,28.54,26.32,27.43,28.92,26.78,30.96,21.67,88,11.25,1336,1386,1080
06/14/2023,28.59,26.27,27.43,28.84,27.19,30.66,21.55,87.44,12.91,1337,1380,1103
06/15/2023,28.52,26.61,27.57,28.55,27.08,30.37,21.97,89.5,22.27,1291,1358,1105
06/16/2023,28.25,26.69,27.47,28.42,27.05,30.05,22.09,91.25,12.8,1261,1320,1104
06/17/2023,28.44,26.73,27.58,28.67,26.97,30.69,22.09,90.62,14.6,1262,1291,1097
06/18/2023,28.13,26.43,27.28,28.48,26.23,30.65,21.73,90.69,40.07,1290,1306,1091
06/19/2023,28.19,26.51,27.35,28.53,26.43,30.45,21.79,90.69,13.84,1329,1357,1090
06/20/2023,28.45,26.28,27.37,29.15,25.64,31.48,21.55,88.38,25.86,1366,1414,1086
06/21/2023,28.37,26.11,27.24,28.72,26.59,30.27,21.3,87.75,7.37,1392,1422,1065
06/22/2023,27.62,25.53,26.58,28.26,25.56,30.46,20.57,88.44,17.74,1373,1384,1024
06/23/2023,27.58,25.99,26.78,27.8,26.19,29.2,21.12,91.12,20.45,1307,1350,1005
06/24/2023,27.04,25.55,26.29,27.55,25.51,29.85,20.63,91.56,34.1,1277,1354,1023
06/25/2023,27.65,25.41,26.53,28.39,25.12,31.31,20.45,87.94,10.53,1346,1387,1063
06/26/2023,27.35,25.39,26.37,27.83,25.49,29.67,20.39,89.25,35.05,1422,1429,1107
06/27/2023,27.8,25.78,26.79,28.3,26.12,30.13,20.87,89,40.85,1414,1454,1131
06/28/2023,27.8,26.08,26.94,28.02,25.68,30.1,21.24,90.5,18.93,1357,1434,1120
06/29/2023,28.33,26.23,27.28,28.76,26.67,30.55,21.42,88.56,12.55,1331,1405,1100
06/30/2023,28.76,26.47,27.62,29.23,26.32,31.4,21.73,87.75,35.3,1338,1399,1095
