model,epoch,train_loss,val_loss,train_accuracy,val_accuracy,val_macro_f1,val_high_risk_recall,training_time
CNN-LSTM,10,0.130340132708781,0.08953897346698379,0.9364,0.96011611763221,0.7854337084931583,0.31054131054131057,18.420138597488403
CNN-LSTM,20,0.08905426090223942,0.12063786865592985,0.9626,0.9587277546383945,0.8082401384417602,0.42450142450142453,34.4033043384552
CNN-LSTM,30,0.050280318816444534,0.17499843302002122,0.9804,0.9580966805502966,0.794999916815876,0.37037037037037035,50.86509680747986
CNN-LSTM,40,0.027775887437862343,0.20525302724099365,0.9918,0.9564558879212419,0.8078322744918925,0.46153846153846156,68.63555455207825
CNN-LSTM,50,0.0198599166826502,0.24003777250518918,0.993,0.9569607471917203,0.8084622312719868,0.452991452991453,89.388596534729
GRU,10,0.13704249341043515,0.08226485206638817,0.9332,0.9597374731793512,0.7807868385739636,0.2934472934472934,28.074271202087402
GRU,20,0.07038980842136827,0.12388473107726737,0.9712,0.9598636879969709,0.8080000599147522,0.41025641025641024,54.336347818374634
GRU,30,0.013460512375453834,0.2208463103523612,0.9962,0.9582228953679162,0.8127186430186195,0.45584045584045585,83.96936392784119
GRU,40,0.005582391485339977,0.29022326214823774,0.9984,0.9572131768269595,0.79754198875454,0.39316239316239315,107.91485047340393
GRU,50,0.0017350503761066327,0.30676773148742154,0.9998,0.9584753250031554,0.8110515617731217,0.45014245014245013,131.90596652030945
LSTM,10,0.13731990479162848,0.07728490864908887,0.9338,0.960747191720308,0.7931188533873552,0.3333333333333333,25.833680629730225
LSTM,20,0.07796968759281905,0.10894561037194876,0.9674,0.9582228953679162,0.8179768870511382,0.47863247863247865,53.025651693344116
LSTM,30,0.023264564112351643,0.18775099013616156,0.9934,0.9562034582860027,0.8012548404537632,0.4188034188034188,79.25660967826843
LSTM,40,0.0068904461475738,0.2334248284847947,0.9976,0.9577180360974379,0.8090764764818045,0.4415954415954416,104.30796790122986
LSTM,50,0.006556361353739842,0.25852998161549273,0.9978,0.9572131768269595,0.8106500096389663,0.4672364672364672,130.0856614112854
Autoformer,10,0.1436579744022757,0.08384100993444563,0.9302655754133957,0.9615044806260254,0.7865889734474125,0.29914529914529914,20.41634750366211
Autoformer,20,0.14239581592892556,0.08833543478295192,0.9305717944435165,0.958601539820775,0.7329869477729795,0.15669515669515668,39.11536455154419
Autoformer,30,0.12524005019879972,0.09142870513180783,0.9383664606647737,0.9589801842736337,0.8112873600041487,0.43304843304843305,57.571799993515015
Autoformer,40,0.1168091876329528,0.10130937853423687,0.9446300317354268,0.9548150952921873,0.7897423891159829,0.3817663817663818,76.37054371833801
Autoformer,50,0.10254844141496952,0.12441893527629412,0.9506430599632537,0.9559510286507636,0.7823558991777736,0.33048433048433046,94.64529585838318
Informer,10,0.14590111833863653,0.07546076069703185,0.9294304326039753,0.9612520509907864,0.8189449819194401,0.4472934472934473,21.298245429992676
Informer,20,0.12830730692447342,0.08346368133565442,0.9379767273537108,0.9584753250031554,0.80622548798542,0.42165242165242167,43.89687371253967
Informer,30,0.10451297659243784,0.10161754620970802,0.9527865931740994,0.9577180360974379,0.8079273884873839,0.4415954415954416,67.64135217666626
Informer,40,0.0852900365118951,0.12413268719786794,0.9643394020377485,0.9594850435441121,0.8094444035777136,0.4301994301994302,91.04803729057312
Informer,50,0.07065710698992111,0.12846260067527487,0.9706029731084015,0.9570869620093398,0.8071257067686947,0.4472934472934473,115.57340836524963
PatchTST,10,0.14409804525702444,0.07682511546932967,0.9301820611324536,0.960747191720308,0.8152132552095291,0.43874643874643876,71.70440006256104
PatchTST,20,0.13169584317015073,0.09451144689963649,0.9364456322031067,0.9583491101855358,0.8103222118077019,0.4415954415954416,140.8592505455017
PatchTST,30,0.1153534539099904,0.11683860435902765,0.9451867936083737,0.9565821027388616,0.8006781269534039,0.41595441595441596,207.51011514663696
PatchTST,40,0.09533799455888115,0.13327065320929607,0.9572406881576749,0.9594850435441121,0.8201735516865297,0.48148148148148145,272.96687936782837
PatchTST,50,0.07305512288544341,0.14022294394631427,0.9697399922053338,0.9575918212798182,0.8008081193717542,0.4074074074074074,339.65357089042664
TFT,10,0.14243150849647587,0.07642895155774795,0.9289850231056177,0.9618831250788843,0.7972888647278961,0.33618233618233617,26.693392992019653
TFT,20,0.12619051174798646,0.08802509079222673,0.9368353655141696,0.9574656064621987,0.8175751329791666,0.4843304843304843,53.09147787094116
TFT,30,0.0872612512086028,0.1814778659005947,0.9596904403986415,0.953679161933611,0.8036439913183994,0.46153846153846156,79.77304100990295
TFT,40,0.053211397717316776,0.25421505263024985,0.9781192583931853,0.9535529471159914,0.794714548400262,0.41025641025641024,106.06393337249756
TFT,50,0.028269952790307962,0.3813312225533832,0.9883636768554089,0.9549413101098069,0.807310001972987,0.46153846153846156,132.56393241882324
TimesNet,10,0.12457161499741654,0.08782711206679314,0.9394521463170202,0.9592326139088729,0.8108908368242943,0.4301994301994302,50.0879864692688
TimesNet,20,0.07185636111544207,0.14840534046197087,0.9680697065864929,0.9553199545626656,0.80274888282687,0.45014245014245013,99.6033067703247
TimesNet,30,0.046173682878363556,0.2000748704904922,0.9791771059517844,0.9562034582860027,0.788354304754911,0.35327635327635326,148.8858642578125
TimesNet,40,0.0365788934974896,0.23669209328988192,0.9848839151494906,0.9551937397450461,0.7805199827700697,0.33618233618233617,198.13219952583313
TimesNet,50,0.028836972708867967,0.2781691493179451,0.9883636768554089,0.9568345323741008,0.7812585214704223,0.3247863247863248,247.81674766540527
CNN-LSTM,10,0.130340132708781,0.08953897346698379,0.9364,0.96011611763221,0.7854337084931583,0.31054131054131057,19.625163316726685
CNN-LSTM,20,0.08905426090223942,0.12063786865592985,0.9626,0.9587277546383945,0.8082401384417602,0.42450142450142453,40.55659103393555
CNN-LSTM,30,0.050280318816444534,0.17499843302002122,0.9804,0.9580966805502966,0.794999916815876,0.37037037037037035,59.82280349731445
CNN-LSTM,40,0.027775887437862343,0.20525302724099365,0.9918,0.9564558879212419,0.8078322744918925,0.46153846153846156,79.18977642059326
CNN-LSTM,50,0.0198599166826502,0.24003777250518918,0.993,0.9569607471917203,0.8084622312719868,0.452991452991453,100.93989896774292
GRU,10,0.13704249341043515,0.08226485206638817,0.9332,0.9597374731793512,0.7807868385739636,0.2934472934472934,27.892873287200928
GRU,20,0.07038980842136827,0.12388473107726737,0.9712,0.9598636879969709,0.8080000599147522,0.41025641025641024,54.82797932624817
GRU,30,0.013460512375453834,0.2208463103523612,0.9962,0.9582228953679162,0.8127186430186195,0.45584045584045585,79.17264151573181
GRU,40,0.005582391485339977,0.29022326214823774,0.9984,0.9572131768269595,0.79754198875454,0.39316239316239315,101.81081223487854
GRU,50,0.0017350503761066327,0.30676773148742154,0.9998,0.9584753250031554,0.8110515617731217,0.45014245014245013,126.15430521965027
LSTM,10,0.13731990479162848,0.07728490864908887,0.9338,0.960747191720308,0.7931188533873552,0.3333333333333333,26.80908465385437
LSTM,20,0.07796968759281905,0.10894561037194876,0.9674,0.9582228953679162,0.8179768870511382,0.47863247863247865,51.00862956047058
LSTM,30,0.023264564112351643,0.18775099013616156,0.9934,0.9562034582860027,0.8012548404537632,0.4188034188034188,75.72876119613647
LSTM,40,0.0068904461475738,0.2334248284847947,0.9976,0.9577180360974379,0.8090764764818045,0.4415954415954416,99.7005524635315
LSTM,50,0.006556361353739842,0.25852998161549273,0.9978,0.9572131768269595,0.8106500096389663,0.4672364672364672,123.38641953468323
Autoformer,10,0.1436579744022757,0.08384100993444563,0.9302655754133957,0.9615044806260254,0.7865889734474125,0.29914529914529914,24.544523000717163
Autoformer,20,0.14239581592892556,0.08833543478295192,0.9305717944435165,0.958601539820775,0.7329869477729795,0.15669515669515668,49.59114122390747
Autoformer,30,0.12524005019879972,0.09142870513180783,0.9383664606647737,0.9589801842736337,0.8112873600041487,0.43304843304843305,75.4813220500946
Autoformer,40,0.1168091876329528,0.10130937853423687,0.9446300317354268,0.9548150952921873,0.7897423891159829,0.3817663817663818,101.50692963600159
Autoformer,50,0.10254844141496952,0.12441893527629412,0.9506430599632537,0.9559510286507636,0.7823558991777736,0.33048433048433046,126.16636610031128
Informer,10,0.14590111833863653,0.07546076069703185,0.9294304326039753,0.9612520509907864,0.8189449819194401,0.4472934472934473,23.519940614700317
Informer,20,0.12830730692447342,0.08346368133565442,0.9379767273537108,0.9584753250031554,0.80622548798542,0.42165242165242167,46.82158041000366
Informer,30,0.10451297659243784,0.10161754620970802,0.9527865931740994,0.9577180360974379,0.8079273884873839,0.4415954415954416,69.02762746810913
Informer,40,0.0852900365118951,0.12413268719786794,0.9643394020377485,0.9594850435441121,0.8094444035777136,0.4301994301994302,92.00033903121948
Informer,50,0.07065710698992111,0.12846260067527487,0.9706029731084015,0.9570869620093398,0.8071257067686947,0.4472934472934473,114.25331854820251
PatchTST,10,0.14409804525702444,0.07682511546932967,0.9301820611324536,0.960747191720308,0.8152132552095291,0.43874643874643876,70.16203689575195
PatchTST,20,0.13169584317015073,0.09451144689963649,0.9364456322031067,0.9583491101855358,0.8103222118077019,0.4415954415954416,146.68635153770447
PatchTST,30,0.1153534539099904,0.11683860435902765,0.9451867936083737,0.9565821027388616,0.8006781269534039,0.41595441595441596,217.44839429855347
PatchTST,40,0.09533799455888115,0.13327065320929607,0.9572406881576749,0.9594850435441121,0.8201735516865297,0.48148148148148145,287.9162788391113
PatchTST,50,0.07305512288544341,0.14022294394631427,0.9697399922053338,0.9575918212798182,0.8008081193717542,0.4074074074074074,358.3273229598999
TFT,10,0.14243150849647587,0.07642895155774795,0.9289850231056177,0.9618831250788843,0.7972888647278961,0.33618233618233617,46.26527976989746
TFT,20,0.12619051174798646,0.08802509079222673,0.9368353655141696,0.9574656064621987,0.8175751329791666,0.4843304843304843,118.55386209487915
TFT,30,0.0872612512086028,0.1814778659005947,0.9596904403986415,0.953679161933611,0.8036439913183994,0.46153846153846156,190.6241295337677
TFT,40,0.053211397717316776,0.25421505263024985,0.9781192583931853,0.9535529471159914,0.794714548400262,0.41025641025641024,263.02339148521423
TFT,50,0.028269952790307962,0.3813312225533832,0.9883636768554089,0.9549413101098069,0.807310001972987,0.46153846153846156,332.5092742443085
TimesNet,10,0.12457161499741654,0.08782711206679314,0.9394521463170202,0.9592326139088729,0.8108908368242943,0.4301994301994302,64.63945960998535
TimesNet,20,0.07185636111544207,0.14840534046197087,0.9680697065864929,0.9553199545626656,0.80274888282687,0.45014245014245013,130.13752460479736
TimesNet,30,0.046173682878363556,0.2000748704904922,0.9791771059517844,0.9562034582860027,0.788354304754911,0.35327635327635326,193.93080377578735
TimesNet,40,0.0365788934974896,0.23669209328988192,0.9848839151494906,0.9551937397450461,0.7805199827700697,0.33618233618233617,258.07183265686035
TimesNet,50,0.028836972708867967,0.2781691493179451,0.9883636768554089,0.9568345323741008,0.7812585214704223,0.3247863247863248,318.47085523605347
CNN-LSTM,10,0.130340132708781,0.08953897346698379,0.9364,0.96011611763221,0.7854337084931583,0.31054131054131057,23.356445789337158
CNN-LSTM,20,0.08905426090223942,0.12063786865592985,0.9626,0.9587277546383945,0.8082401384417602,0.42450142450142453,45.76855945587158
CNN-LSTM,30,0.050280318816444534,0.17499843302002122,0.9804,0.9580966805502966,0.794999916815876,0.37037037037037035,67.41213297843933
CNN-LSTM,40,0.027775887437862343,0.20525302724099365,0.9918,0.9564558879212419,0.8078322744918925,0.46153846153846156,89.72038745880127
CNN-LSTM,50,0.0198599166826502,0.24003777250518918,0.993,0.9569607471917203,0.8084622312719868,0.452991452991453,111.52433753013611
GRU,10,0.13704249341043515,0.08226485206638817,0.9332,0.9597374731793512,0.7807868385739636,0.2934472934472934,30.28127884864807
GRU,20,0.07038980842136827,0.12388473107726737,0.9712,0.9598636879969709,0.8080000599147522,0.41025641025641024,60.94995379447937
GRU,30,0.013460512375453834,0.2208463103523612,0.9962,0.9582228953679162,0.8127186430186195,0.45584045584045585,91.26052069664001
GRU,40,0.005582391485339977,0.29022326214823774,0.9984,0.9572131768269595,0.79754198875454,0.39316239316239315,119.78666710853577
GRU,50,0.0017350503761066327,0.30676773148742154,0.9998,0.9584753250031554,0.8110515617731217,0.45014245014245013,149.8517987728119
LSTM,10,0.13731990479162848,0.07728490864908887,0.9338,0.960747191720308,0.7931188533873552,0.3333333333333333,31.463377952575684
LSTM,20,0.07796968759281905,0.10894561037194876,0.9674,0.9582228953679162,0.8179768870511382,0.47863247863247865,65.94353795051575
LSTM,30,0.023264564112351643,0.18775099013616156,0.9934,0.9562034582860027,0.8012548404537632,0.4188034188034188,100.3928542137146
LSTM,40,0.0068904461475738,0.2334248284847947,0.9976,0.9577180360974379,0.8090764764818045,0.4415954415954416,134.6961326599121
LSTM,50,0.006556361353739842,0.25852998161549273,0.9978,0.9572131768269595,0.8106500096389663,0.4672364672364672,168.26617097854614
Autoformer,10,0.1436579744022757,0.08384100993444563,0.9302655754133957,0.9615044806260254,0.7865889734474125,0.29914529914529914,18.753124237060547
Autoformer,20,0.14239581592892556,0.08833543478295192,0.9305717944435165,0.958601539820775,0.7329869477729795,0.15669515669515668,37.177467823028564
Autoformer,30,0.12524005019879972,0.09142870513180783,0.9383664606647737,0.9589801842736337,0.8112873600041487,0.43304843304843305,55.436747789382935
Autoformer,40,0.1168091876329528,0.10130937853423687,0.9446300317354268,0.9548150952921873,0.7897423891159829,0.3817663817663818,73.63448596000671
Autoformer,50,0.10254844141496952,0.12441893527629412,0.9506430599632537,0.9559510286507636,0.7823558991777736,0.33048433048433046,91.75592827796936
Informer,10,0.14590111833863653,0.07546076069703185,0.9294304326039753,0.9612520509907864,0.8189449819194401,0.4472934472934473,22.49382972717285
Informer,20,0.12830730692447342,0.08346368133565442,0.9379767273537108,0.9584753250031554,0.80622548798542,0.42165242165242167,44.294543981552124
Informer,30,0.10451297659243784,0.10161754620970802,0.9527865931740994,0.9577180360974379,0.8079273884873839,0.4415954415954416,66.88817286491394
Informer,40,0.0852900365118951,0.12413268719786794,0.9643394020377485,0.9594850435441121,0.8094444035777136,0.4301994301994302,88.8765766620636
Informer,50,0.07065710698992111,0.12846260067527487,0.9706029731084015,0.9570869620093398,0.8071257067686947,0.4472934472934473,111.19989895820618
PatchTST,10,0.14409804525702444,0.07682511546932967,0.9301820611324536,0.960747191720308,0.8152132552095291,0.43874643874643876,70.9549515247345
PatchTST,20,0.13169584317015073,0.09451144689963649,0.9364456322031067,0.9583491101855358,0.8103222118077019,0.4415954415954416,143.29297304153442
PatchTST,30,0.1153534539099904,0.11683860435902765,0.9451867936083737,0.9565821027388616,0.8006781269534039,0.41595441595441596,214.47458028793335
PatchTST,40,0.09533799455888115,0.13327065320929607,0.9572406881576749,0.9594850435441121,0.8201735516865297,0.48148148148148145,286.37084794044495
PatchTST,50,0.07305512288544341,0.14022294394631427,0.9697399922053338,0.9575918212798182,0.8008081193717542,0.4074074074074074,357.6251320838928
TFT,10,0.14243150849647587,0.07642895155774795,0.9289850231056177,0.9618831250788843,0.7972888647278961,0.33618233618233617,28.12548518180847
TFT,20,0.12619051174798646,0.08802509079222673,0.9368353655141696,0.9574656064621987,0.8175751329791666,0.4843304843304843,55.609222173690796
TFT,30,0.0872612512086028,0.1814778659005947,0.9596904403986415,0.953679161933611,0.8036439913183994,0.46153846153846156,83.6122534275055
TFT,40,0.053211397717316776,0.25421505263024985,0.9781192583931853,0.9535529471159914,0.794714548400262,0.41025641025641024,113.46908116340637
TFT,50,0.028269952790307962,0.3813312225533832,0.9883636768554089,0.9549413101098069,0.807310001972987,0.46153846153846156,143.2514410018921
TimesNet,10,0.12457161499741654,0.08782711206679314,0.9394521463170202,0.9592326139088729,0.8108908368242943,0.4301994301994302,49.22542428970337
TimesNet,20,0.07185636111544207,0.14840534046197087,0.9680697065864929,0.9553199545626656,0.80274888282687,0.45014245014245013,99.61899900436401
TimesNet,30,0.046173682878363556,0.2000748704904922,0.9791771059517844,0.9562034582860027,0.788354304754911,0.35327635327635326,149.35064697265625
TimesNet,40,0.0365788934974896,0.23669209328988192,0.9848839151494906,0.9551937397450461,0.7805199827700697,0.33618233618233617,201.02243661880493
TimesNet,50,0.028836972708867967,0.2781691493179451,0.9883636768554089,0.9568345323741008,0.7812585214704223,0.3247863247863248,251.6391842365265
