Sample Index,True Class,Predicted Class,Informer Confidence,High Prob,Low Prob,Medium Prob,Temperature (°C),Humidity (%),Rainfall (mm),Wind Speed (km/h),Electricity Demand (MW),Transformer Load (%),Risk Score,Hour,Month,Is Peak Hour
90,Medium,Low,99.99%,0.00%,99.99%,0.01%,26.1,87.0,0.0,7.4,68.55,27.42,,14.0,,0.0
91,Medium,Low,99.99%,0.00%,99.99%,0.01%,25.5,93.0,0.0,6.3,76.35,30.54,,22.0,,1.0
92,Medium,Low,99.97%,0.00%,99.97%,0.03%,23.0,99.0,1.1,3.6,67.67,27.07,,14.0,,0.0
94,High,Medium,62.45%,29.06%,8.49%,62.45%,30.0,61.0,0.0,11.9,80.0,32.0,,12.0,,0.0
95,Low,Medium,63.53%,31.72%,4.75%,63.53%,27.5,83.0,0.0,3.1,70.77,28.31,,0.0,,0.0
96,High,Medium,69.04%,28.14%,2.82%,69.04%,35.4,44.0,0.0,3.5,72.14,28.86,,6.0,,0.0
99,Low,Medium,62.94%,34.68%,2.38%,62.94%,28.0,86.0,0.0,7.9,83.75,33.5,,16.0,,0.0
100,High,Medium,60.50%,34.87%,4.64%,60.50%,27.9,89.0,0.0,2.5,73.17,29.27,,0.0,,0.0
102,Low,Medium,62.70%,33.53%,3.77%,62.70%,29.7,81.0,0.0,6.9,75.54,30.22,,12.0,,0.0
103,Low,Medium,61.60%,34.46%,3.93%,61.60%,26.2,99.0,1.2,14.1,68.72,27.49,,10.0,,0.0
104,Low,Medium,63.23%,32.60%,4.16%,63.23%,27.2,89.0,0.0,6.8,59.33,23.73,,2.0,,0.0
105,Low,Medium,64.51%,32.03%,3.46%,64.51%,27.5,88.0,0.0,13.3,75.69,30.28,,14.0,,0.0
187,Medium,Low,100.00%,0.00%,100.00%,0.00%,29.13,71.52,0.0,4.95,208.55,81.15,,18.0,,1.0
188,Medium,Low,100.00%,0.00%,100.00%,0.00%,25.57,76.56,0.33,4.95,180.39,70.74,,2.0,,0.0
189,Low,Medium,66.09%,23.29%,10.62%,66.09%,29.55,74.8,0.0,3.23,173.84,67.45,,8.0,,0.0
191,Low,Medium,65.87%,27.80%,6.33%,65.87%,21.38,96.71,17.51,8.34,171.64,67.02,,20.0,,1.0
192,Low,Medium,64.87%,25.57%,9.56%,64.87%,27.9,74.75,0.0,2.58,174.53,67.27,,2.0,,0.0
193,Low,Medium,61.66%,33.90%,4.44%,61.66%,33.3,66.5,0.0,2.56,214.58,82.28,,0.0,,0.0
195,Low,Medium,66.78%,29.74%,3.49%,66.78%,24.95,81.39,0.0,4.52,153.52,62.6,,0.0,,0.0
197,Low,Medium,69.68%,28.00%,2.31%,69.68%,27.84,73.79,0.0,3.2,164.22,67.97,,10.0,,0.0
199,Low,Medium,67.86%,30.03%,2.11%,67.86%,23.9,80.6,0.45,5.0,170.75,67.98,,4.0,,0.0
200,High,Medium,71.94%,25.89%,2.17%,71.94%,24.92,79.47,0.0,4.41,174.64,70.59,,8.0,,0.0
201,High,Medium,61.65%,32.75%,5.60%,61.65%,25.45,75.49,0.88,5.0,187.85,73.19,,0.0,,0.0
203,Low,Medium,63.80%,33.11%,3.09%,63.80%,30.64,64.63,0.0,3.27,216.62,80.85,,22.0,,1.0
294,Medium,Low,100.00%,0.00%,100.00%,0.00%,29.7,81.0,0.0,14.2,98.55,39.42,,16.0,,0.0
295,High,Low,100.00%,0.00%,100.00%,0.00%,34.9,54.0,0.0,2.9,84.91,33.96,,4.0,,0.0
296,High,Medium,80.32%,0.05%,19.63%,80.32%,27.7,92.0,0.2,10.1,92.33,36.93,,18.0,,1.0
298,High,Medium,86.49%,0.20%,13.31%,86.49%,28.8,83.0,0.0,11.7,89.64,35.86,,12.0,,0.0
299,High,Low,61.04%,0.00%,61.04%,38.96%,30.0,84.0,0.0,21.7,94.2,37.68,,12.0,,0.0
300,Low,Medium,66.71%,30.78%,2.51%,66.71%,30.6,77.0,0.4,19.4,95.33,38.13,,10.0,,0.0
301,High,Medium,70.34%,26.62%,3.04%,70.34%,29.2,79.0,0.0,16.1,87.31,34.92,,12.0,,0.0
303,Low,Medium,63.66%,32.00%,4.34%,63.66%,27.6,90.0,0.0,11.8,75.51,30.2,,0.0,,0.0
382,Medium,High,100.00%,100.00%,0.00%,0.00%,22.18,98.22,14.84,8.66,172.45,69.32,,0.0,,0.0
383,Medium,High,100.00%,100.00%,0.00%,0.00%,27.73,73.92,0.0,2.69,180.01,73.66,,20.0,,1.0
384,Medium,High,100.00%,100.00%,0.00%,0.00%,27.43,75.81,1.49,4.39,212.73,81.02,,8.0,,0.0
385,Medium,High,100.00%,100.00%,0.00%,0.00%,33.03,69.3,0.0,3.07,181.3,74.04,,12.0,,0.0
386,Low,High,99.98%,99.98%,0.00%,0.02%,23.95,97.14,1.29,7.96,189.14,74.37,,20.0,,1.0
387,Low,High,99.99%,99.99%,0.00%,0.01%,30.51,72.6,0.12,5.28,167.33,65.43,,14.0,,0.0
388,Low,High,51.17%,51.17%,2.21%,46.63%,33.69,72.36,0.0,3.37,191.26,73.68,,0.0,,0.0
389,Medium,High,68.52%,68.52%,0.94%,30.54%,22.96,83.55,0.07,4.31,143.69,61.32,,10.0,,0.0
390,Low,High,51.48%,51.48%,1.68%,46.84%,25.34,78.04,0.0,3.13,159.92,61.98,,0.0,,0.0
391,Medium,High,53.83%,53.83%,1.53%,44.64%,29.27,80.94,0.0,4.58,190.51,71.86,,2.0,,0.0
395,High,Medium,65.62%,29.10%,5.28%,65.62%,30.51,65.51,0.0,3.12,225.41,82.99,,6.0,,0.0
420,Low,Medium,52.95%,0.00%,47.04%,52.95%,26.8,57.0,0.0,13.6,45.76,18.3,,10.0,,0.0
421,Low,Medium,51.08%,0.00%,48.92%,51.08%,20.5,70.0,0.0,7.4,41.84,16.73,,14.0,,0.0
422,Low,Medium,54.76%,0.01%,45.23%,54.76%,16.6,85.0,0.0,8.7,45.36,18.14,,18.0,,1.0
428,Low,Medium,52.92%,0.00%,47.08%,52.92%,20.8,98.0,0.0,6.2,47.38,18.95,,22.0,,1.0
436,Medium,Low,73.94%,0.00%,73.94%,26.06%,24.1,50.0,0.0,9.5,35.74,14.3,,2.0,,0.0
438,Medium,Low,68.84%,0.00%,68.84%,31.16%,24.4,51.0,0.0,14.5,37.35,14.94,,2.0,,0.0
443,Low,Medium,74.37%,0.01%,25.61%,74.37%,30.0,48.0,0.0,14.4,56.78,22.71,,10.0,,0.0
444,Low,Medium,74.65%,0.03%,25.32%,74.65%,25.1,84.0,0.0,13.7,40.65,16.26,,0.0,,0.0
445,Low,Medium,55.13%,0.00%,44.87%,55.13%,20.8,98.0,0.0,7.4,45.42,18.17,,18.0,,1.0
447,Low,Medium,68.56%,0.00%,31.44%,68.56%,21.9,98.0,0.1,4.6,47.61,19.04,,22.0,,1.0
448,Low,Medium,79.85%,0.01%,20.14%,79.85%,20.8,97.0,0.0,7.0,52.18,20.87,,18.0,,1.0
450,Low,Medium,74.54%,0.00%,25.46%,74.54%,25.0,94.0,0.0,6.1,50.69,20.28,,16.0,,0.0
451,Low,Medium,71.93%,0.00%,28.07%,71.93%,25.2,96.0,0.0,3.6,53.08,21.23,,18.0,,1.0
452,Low,Medium,72.62%,0.00%,27.38%,72.62%,23.6,99.0,0.5,4.6,53.77,21.51,,20.0,,1.0
453,Low,Medium,78.89%,0.00%,21.11%,78.89%,24.6,86.0,0.0,4.8,53.83,21.53,,16.0,,0.0
454,Low,Medium,70.29%,0.00%,29.71%,70.29%,29.0,68.0,0.0,5.6,46.12,18.45,,4.0,,0.0
455,Low,Medium,68.08%,0.00%,31.92%,68.08%,24.3,99.0,0.0,2.6,42.09,16.84,,0.0,,0.0
456,Low,Medium,62.67%,0.00%,37.33%,62.67%,25.6,90.0,0.0,5.7,50.53,20.21,,14.0,,0.0
461,Low,Medium,53.90%,0.00%,46.10%,53.90%,23.9,94.0,0.0,7.8,46.3,18.52,,0.0,,0.0
462,Low,Medium,70.75%,0.00%,29.25%,70.75%,31.4,66.0,0.0,14.6,46.41,18.57,,6.0,,0.0
463,Low,Medium,78.90%,0.00%,21.10%,78.90%,26.6,67.0,0.0,8.7,53.37,21.35,,16.0,,0.0
464,Low,Medium,80.72%,0.00%,19.27%,80.72%,33.1,47.0,0.0,22.0,57.03,22.81,,10.0,,0.0
465,Low,Medium,76.92%,0.00%,23.08%,76.92%,29.7,70.0,0.0,15.9,54.83,21.93,,12.0,,0.0
471,Low,Medium,74.42%,0.00%,25.58%,74.42%,24.4,90.0,0.0,9.3,51.3,20.52,,16.0,,0.0
478,Low,Medium,81.61%,0.01%,18.38%,81.61%,30.1,74.0,0.0,24.2,31.05,12.42,,6.0,,0.0
479,Low,Medium,82.07%,0.01%,17.91%,82.07%,25.4,97.0,0.0,5.8,58.89,23.56,,20.0,,1.0
481,Low,Medium,78.75%,0.01%,21.24%,78.75%,25.0,92.0,0.2,14.8,48.09,19.24,,2.0,,0.0
482,Low,Medium,82.94%,0.00%,17.06%,82.94%,29.8,78.0,0.0,10.2,59.99,23.99,,10.0,,0.0
483,Low,Medium,81.24%,0.00%,18.76%,81.24%,25.9,93.0,0.0,5.0,51.32,20.53,,16.0,,0.0
484,Low,Medium,78.74%,0.00%,21.26%,78.74%,24.5,96.0,0.0,5.0,62.93,25.17,,20.0,,1.0
488,Low,Medium,79.87%,0.00%,20.13%,79.87%,28.0,84.0,5.3,6.3,60.18,24.07,,10.0,,0.0
489,Low,Medium,79.45%,0.00%,20.55%,79.45%,24.9,99.0,8.4,9.0,64.49,25.79,,20.0,,1.0
491,Low,Medium,83.57%,0.00%,16.43%,83.57%,25.5,92.0,1.3,15.1,45.73,18.29,,0.0,,0.0
492,High,Medium,80.48%,0.04%,19.48%,80.48%,28.2,86.0,0.4,19.7,52.68,21.07,,8.0,,0.0
493,Low,Medium,58.89%,26.39%,14.73%,58.89%,27.7,88.0,0.0,19.0,57.64,23.06,,16.0,,0.0
494,Low,Medium,54.22%,35.35%,10.42%,54.22%,25.9,93.0,0.2,21.4,59.94,23.98,,22.0,,1.0
495,High,Medium,61.63%,33.62%,4.75%,61.63%,31.2,76.0,0.0,25.6,60.78,24.31,,8.0,,0.0
498,High,Medium,62.95%,32.88%,4.17%,62.95%,27.3,89.0,0.0,17.5,48.36,19.34,,2.0,,0.0
583,Medium,Low,99.99%,0.00%,99.99%,0.01%,29.4,82.0,0.0,11.9,1591.63,636.65,,14.0,,0.0
584,High,Low,100.00%,0.00%,100.00%,0.00%,23.1,88.0,2.7,25.6,1641.65,656.66,,10.0,,0.0
585,Low,Medium,75.65%,0.01%,24.33%,75.65%,30.4,65.0,0.0,11.0,1789.28,715.71,,8.0,,0.0
586,Low,Medium,77.14%,1.76%,21.10%,77.14%,29.6,78.0,0.1,21.3,1541.1,616.44,,10.0,,0.0
589,Low,Medium,65.50%,31.09%,3.41%,65.50%,28.3,95.0,0.0,5.8,2029.37,811.75,,18.0,,1.0
590,High,Medium,67.54%,29.64%,2.82%,67.54%,28.9,93.0,0.0,4.7,1872.4,748.96,,18.0,,1.0
592,High,Medium,67.80%,30.05%,2.14%,67.80%,25.2,92.0,0.1,9.3,1658.51,663.4,,22.0,,1.0
597,High,Medium,64.50%,31.82%,3.68%,64.50%,25.9,90.0,0.0,12.1,1860.18,744.07,,20.0,,1.0
687,Medium,Low,100.00%,0.00%,100.00%,0.00%,25.9,85.0,3.1,9.9,158.92,63.57,,8.0,,0.0
688,Medium,Low,100.00%,0.00%,100.00%,0.00%,34.8,41.0,0.0,10.0,158.46,63.39,,10.0,,0.0
692,Medium,Low,97.49%,0.00%,97.49%,2.51%,27.2,73.0,0.6,23.1,149.76,59.9,,16.0,,0.0
693,Low,Medium,61.27%,35.45%,3.28%,61.27%,28.8,84.0,0.7,10.8,156.72,62.69,,10.0,,0.0
694,Low,Medium,58.64%,38.72%,2.64%,58.64%,24.9,95.0,4.2,10.2,125.31,50.12,,0.0,,0.0
696,Low,Medium,63.41%,31.82%,4.77%,63.41%,25.4,91.0,0.0,6.2,173.16,69.26,,18.0,,1.0
697,Low,Medium,61.78%,31.53%,6.69%,61.78%,30.3,74.0,0.0,1.8,149.4,59.76,,2.0,,0.0
698,Low,Medium,57.48%,37.85%,4.67%,57.48%,27.1,93.0,0.0,10.9,187.28,74.91,,22.0,,1.0
699,Low,Medium,56.70%,41.89%,1.41%,56.70%,27.4,95.0,0.0,11.2,184.21,73.68,,22.0,,1.0
788,Medium,Low,100.00%,0.00%,100.00%,0.00%,35.2,49.0,0.0,14.5,57.02,22.81,,6.0,,0.0
789,Medium,Low,100.00%,0.00%,100.00%,0.00%,26.6,93.0,0.0,6.0,57.06,22.83,,0.0,,0.0
790,High,Medium,58.66%,30.27%,11.07%,58.66%,24.4,86.0,2.9,22.5,41.52,16.61,,6.0,,0.0
791,Low,Medium,56.08%,33.74%,10.18%,56.08%,22.4,88.0,1.1,14.6,63.82,25.53,,12.0,,0.0
792,Low,Medium,60.19%,30.95%,8.86%,60.19%,30.1,64.0,0.0,11.5,63.15,25.26,,10.0,,0.0
794,Low,Medium,63.67%,31.71%,4.62%,63.67%,25.4,94.0,0.0,6.8,66.69,26.67,,18.0,,1.0
798,Low,Medium,65.95%,30.87%,3.18%,65.95%,28.0,84.0,0.0,4.7,65.35,26.14,,12.0,,0.0
800,High,Medium,65.45%,30.97%,3.58%,65.45%,26.7,91.0,0.0,4.1,70.77,28.31,,20.0,,1.0
876,High,Low,99.31%,0.00%,99.31%,0.69%,22.9,98.0,0.0,7.3,56.88,22.75,,20.0,,1.0
877,High,Low,98.42%,0.00%,98.42%,1.58%,24.2,97.0,0.0,4.9,46.89,18.75,,0.0,,0.0
878,High,Low,70.31%,0.01%,70.31%,29.69%,27.2,83.0,0.0,16.4,50.28,20.11,,2.0,,0.0
879,Low,Medium,69.57%,0.53%,29.91%,69.57%,24.4,93.0,0.0,5.4,47.06,18.82,,2.0,,0.0
880,High,Medium,60.00%,30.00%,10.00%,60.00%,23.0,94.0,10.6,15.3,46.31,18.52,,0.0,,0.0
881,High,Medium,61.45%,32.88%,5.67%,61.45%,21.3,95.0,0.0,5.5,58.56,23.42,,22.0,,1.0
884,Low,Medium,62.36%,34.50%,3.14%,62.36%,30.9,73.0,0.0,6.6,57.61,23.05,,2.0,,0.0
887,High,Medium,61.31%,34.66%,4.03%,61.31%,27.4,94.0,0.0,15.1,68.55,27.42,,18.0,,1.0
888,High,Medium,60.60%,35.41%,3.98%,60.60%,27.4,97.0,0.0,6.3,68.12,27.25,,20.0,,1.0
890,High,Medium,60.65%,34.97%,4.38%,60.65%,24.8,74.0,0.0,11.3,43.92,17.57,,16.0,,0.0
893,High,Medium,62.48%,31.91%,5.61%,62.48%,26.3,77.0,0.0,5.1,61.26,24.51,,18.0,,1.0
896,Low,Medium,60.57%,33.88%,5.55%,60.57%,26.6,82.0,0.0,5.2,52.03,20.81,,16.0,,0.0
897,Low,Medium,58.94%,35.99%,5.07%,58.94%,33.1,58.0,0.0,3.7,51.07,20.43,,2.0,,0.0
898,Low,Medium,61.33%,34.16%,4.51%,61.33%,30.5,66.0,0.0,6.8,55.09,22.04,,8.0,,0.0
899,High,Medium,62.55%,33.02%,4.42%,62.55%,27.6,77.0,0.0,14.2,55.7,22.28,,14.0,,0.0
986,Medium,Low,100.00%,0.00%,100.00%,0.00%,25.8,77.0,0.0,12.8,84.53,33.81,,12.0,,0.0
987,Medium,Low,99.99%,0.00%,99.99%,0.01%,31.2,34.0,0.0,14.5,69.73,27.89,,6.0,,0.0
988,Low,Medium,64.26%,26.95%,8.79%,64.26%,31.4,30.0,0.0,18.9,90.72,36.29,,8.0,,0.0
991,High,Medium,64.68%,30.47%,4.85%,64.68%,29.4,37.0,0.0,11.9,65.94,26.37,,4.0,,0.0
1083,High,Medium,57.81%,0.06%,42.13%,57.81%,19.9,54.0,0.0,6.9,71.49,28.6,,18.0,,1.0
1084,High,Medium,65.72%,2.26%,32.03%,65.72%,25.3,48.0,0.0,1.5,66.88,26.75,,16.0,,0.0
1089,High,Medium,67.05%,29.62%,3.33%,67.05%,24.7,51.0,0.0,1.5,78.15,31.26,,18.0,,1.0
1090,High,Medium,63.89%,31.74%,4.38%,63.89%,33.3,26.0,0.0,8.2,75.24,30.1,,8.0,,0.0
1169,Medium,Low,99.97%,0.00%,99.97%,0.03%,27.73,75.06,0.02,5.18,208.86,79.9,,14.0,,0.0
1171,Medium,Low,66.13%,0.00%,66.13%,33.86%,24.56,90.43,0.69,6.41,172.71,64.99,,8.0,,0.0
1173,Low,Medium,63.08%,27.20%,9.72%,63.08%,33.73,62.82,0.0,2.62,196.07,73.42,,0.0,,0.0
1176,High,Medium,67.80%,28.60%,3.60%,67.80%,29.79,75.52,0.0,3.45,173.17,70.24,,16.0,,0.0
1177,High,Medium,62.50%,32.02%,5.48%,62.50%,27.87,77.02,0.0,2.88,159.03,69.31,,2.0,,0.0
1178,Low,Medium,65.62%,31.84%,2.54%,65.62%,29.34,74.58,0.0,2.79,172.91,70.99,,16.0,,0.0
1179,High,Medium,67.12%,28.93%,3.95%,67.12%,24.4,85.4,0.0,5.69,175.61,70.33,,14.0,,0.0
1180,High,Medium,61.64%,32.77%,5.59%,61.64%,34.08,66.42,0.0,2.92,183.7,73.64,,22.0,,1.0
1181,High,Medium,63.85%,32.09%,4.07%,63.85%,34.04,67.14,0.0,2.98,180.03,72.02,,10.0,,0.0
1182,Low,Medium,63.73%,32.73%,3.53%,63.73%,23.3,82.1,0.03,4.81,147.37,60.27,,4.0,,0.0
1186,High,Medium,62.95%,32.35%,4.70%,62.95%,30.08,78.11,0.02,5.2,177.58,68.02,,18.0,,1.0
1274,Medium,Low,100.00%,0.00%,100.00%,0.00%,24.8,81.0,0.0,4.3,164.79,65.91,,12.0,,0.0
1275,High,Low,100.00%,0.00%,100.00%,0.00%,23.3,89.0,0.0,4.0,136.3,54.52,,2.0,,0.0
1276,Low,Medium,70.83%,3.23%,25.93%,70.83%,28.2,71.0,0.0,11.9,171.59,68.64,,8.0,,0.0
1278,Low,Medium,60.30%,31.11%,8.59%,60.30%,22.8,94.0,1.4,7.4,125.77,50.31,,0.0,,0.0
1279,Low,Medium,63.65%,30.78%,5.56%,63.65%,27.9,69.0,0.0,11.0,132.04,52.81,,4.0,,0.0
1322,Medium,Low,95.18%,0.00%,95.18%,4.82%,28.7,78.28,0.22,4.52,180.8,69.59,,14.0,,0.0
1339,Medium,Low,96.62%,0.00%,96.62%,3.38%,29.3,38.0,0.0,2.6,61.41,24.56,,6.0,,0.0
1341,Medium,Low,92.73%,0.00%,92.73%,7.27%,21.0,99.0,0.0,9.2,82.17,32.87,,18.0,,1.0
1342,Medium,Low,85.61%,0.00%,85.61%,14.39%,19.2,99.0,0.0,7.1,86.32,34.53,,22.0,,1.0
1343,Medium,Low,82.29%,0.00%,82.29%,17.71%,25.8,54.0,0.0,5.9,76.97,30.79,,12.0,,0.0
1346,Low,Medium,53.57%,0.00%,46.43%,53.57%,24.1,43.0,0.0,8.3,80.21,32.08,,14.0,,0.0
1347,Low,Medium,57.92%,0.00%,42.08%,57.92%,20.6,53.0,0.0,6.2,84.22,33.69,,16.0,,0.0
1348,Low,Medium,53.12%,0.00%,46.88%,53.12%,21.1,71.0,0.0,5.5,64.61,25.84,,2.0,,0.0
1356,Medium,Low,94.28%,0.00%,94.28%,5.72%,20.3,95.0,0.0,8.4,76.34,30.54,,0.0,,0.0
1366,Medium,Low,88.90%,0.00%,88.90%,11.10%,21.8,97.0,0.0,3.6,91.57,36.63,,16.0,,0.0
1367,High,Low,88.96%,0.00%,88.96%,11.04%,21.0,98.0,0.0,10.4,93.17,37.27,,20.0,,1.0
1368,Medium,Low,85.18%,0.00%,85.18%,14.82%,28.9,67.0,0.0,11.4,92.35,36.94,,10.0,,0.0
1369,Low,Medium,61.54%,0.03%,38.43%,61.54%,21.3,98.0,0.0,6.5,98.5,39.4,,20.0,,1.0
1370,High,Medium,75.38%,9.25%,15.37%,75.38%,21.9,83.0,0.0,5.8,92.91,37.16,,16.0,,0.0
1371,High,Medium,59.46%,32.28%,8.26%,59.46%,18.7,83.0,0.0,7.0,106.97,42.79,,22.0,,1.0
1373,High,Medium,63.35%,31.49%,5.15%,63.35%,21.9,63.0,0.0,6.7,101.19,40.47,,20.0,,1.0
1374,High,Medium,62.55%,32.62%,4.83%,62.55%,27.0,57.0,0.0,9.4,105.79,42.32,,16.0,,0.0
1375,Low,Medium,72.57%,25.63%,1.80%,72.57%,22.8,73.0,0.0,8.8,109.95,43.98,,22.0,,1.0
1376,Low,Medium,79.61%,15.79%,4.60%,79.61%,36.1,45.0,0.0,9.2,115.04,46.02,,8.0,,0.0
1377,Low,Medium,65.99%,29.86%,4.16%,65.99%,25.5,99.0,0.0,8.9,111.45,44.58,,18.0,,1.0
1463,Medium,Low,100.00%,0.00%,100.00%,0.00%,33.93,64.62,0.0,2.33,185.92,74.58,,0.0,,0.0
1464,High,Low,100.00%,0.00%,100.00%,0.00%,27.67,74.97,0.0,4.28,210.52,75.57,,14.0,,0.0
1465,Medium,Low,99.90%,0.00%,99.90%,0.10%,27.63,81.21,0.0,3.03,164.53,69.15,,6.0,,0.0
1466,High,Medium,68.77%,4.39%,26.84%,68.77%,27.4,79.06,0.0,3.28,172.27,66.86,,10.0,,0.0
1468,Low,Medium,63.34%,29.00%,7.66%,63.34%,32.29,64.59,0.0,2.7,205.69,80.53,,4.0,,0.0
1471,Low,Medium,68.24%,29.10%,2.65%,68.24%,30.0,26.0,0.0,6.0,39.22,15.69,,6.0,,0.0
1472,High,Medium,64.94%,31.16%,3.91%,64.94%,17.4,78.0,0.0,3.3,51.53,20.61,,22.0,,1.0
1534,Medium,Low,89.54%,0.00%,89.54%,10.46%,22.5,96.0,0.0,6.9,49.12,19.65,,0.0,,0.0
1535,Medium,Low,87.09%,0.00%,87.09%,12.91%,24.0,95.0,0.0,7.4,61.15,24.46,,22.0,,1.0
1536,Medium,Low,82.45%,0.00%,82.45%,17.55%,24.4,90.0,0.0,5.4,49.47,19.79,,0.0,,0.0
1538,Medium,Low,53.33%,0.01%,53.33%,46.66%,31.8,58.0,0.0,2.2,63.01,25.2,,4.0,,0.0
1539,Low,Medium,52.98%,0.04%,46.98%,52.98%,33.8,57.0,0.0,8.8,75.82,30.33,,8.0,,0.0
1540,Low,Medium,51.69%,0.04%,48.27%,51.69%,26.6,95.0,0.0,6.1,58.62,23.45,,0.0,,0.0
1541,Medium,Low,57.84%,0.01%,57.84%,42.15%,30.3,73.0,0.0,6.5,57.37,22.95,,2.0,,0.0
1546,Medium,Low,81.46%,0.00%,81.46%,18.54%,25.3,100.0,1.7,10.5,70.37,28.15,,14.0,,0.0
1550,High,Low,74.70%,0.00%,74.70%,25.30%,32.7,66.0,0.0,15.7,62.18,24.87,,6.0,,0.0
1551,Medium,High,50.32%,50.32%,6.66%,43.02%,28.4,86.0,0.6,6.4,63.55,25.42,,6.0,,0.0
1552,Low,Medium,47.76%,44.10%,8.14%,47.76%,26.5,92.0,0.0,6.6,65.43,26.17,,14.0,,0.0
1555,High,Medium,65.23%,31.27%,3.50%,65.23%,27.56,79.56,0.0,3.17,154.99,66.58,,10.0,,0.0
1556,Low,Medium,64.63%,30.75%,4.62%,64.63%,26.45,73.89,0.0,3.36,162.01,65.16,,10.0,,0.0
1558,High,Medium,65.11%,32.25%,2.64%,65.11%,28.69,69.19,0.0,2.96,192.89,73.11,,18.0,,1.0
1559,Low,Medium,68.20%,28.96%,2.84%,68.20%,26.21,73.13,0.0,3.34,151.9,64.38,,22.0,,1.0
1560,Low,Medium,68.15%,29.02%,2.83%,68.15%,30.37,74.7,1.74,4.67,185.77,74.36,,8.0,,0.0
1564,High,Medium,63.08%,32.80%,4.13%,63.08%,25.7,77.11,0.0,4.81,165.34,62.54,,2.0,,0.0
1565,Low,Medium,64.16%,31.81%,4.02%,64.16%,29.21,73.79,0.0,3.87,202.0,78.41,,0.0,,0.0
1644,Medium,Low,99.99%,0.00%,99.99%,0.01%,28.3,69.0,0.0,8.5,128.66,51.46,,14.0,,0.0
1645,Medium,Low,99.98%,0.00%,99.98%,0.02%,24.2,80.0,0.0,2.3,150.91,60.36,,22.0,,1.0
1650,High,Medium,62.19%,33.50%,4.30%,62.19%,25.8,85.0,0.0,5.2,124.8,49.92,,16.0,,0.0
1651,High,Medium,61.15%,33.90%,4.94%,61.15%,32.9,53.0,0.0,2.7,120.65,48.26,,4.0,,0.0
1652,High,Medium,62.90%,33.43%,3.66%,62.90%,34.8,38.0,0.0,8.3,131.89,52.75,,10.0,,0.0
1653,High,Medium,61.55%,33.72%,4.73%,61.55%,30.3,44.0,0.0,8.0,124.78,49.91,,14.0,,0.0
1655,Low,Medium,58.48%,35.22%,6.30%,58.48%,38.4,28.0,0.0,6.4,125.36,50.14,,6.0,,0.0
1656,Low,Medium,64.02%,31.90%,4.08%,64.02%,36.6,39.0,0.0,3.7,125.26,50.1,,6.0,,0.0
1657,Low,Medium,68.40%,28.53%,3.07%,68.40%,37.0,32.0,0.0,4.7,131.93,52.77,,8.0,,0.0
1658,High,Medium,65.96%,30.69%,3.35%,65.96%,23.5,96.0,0.5,8.7,87.72,35.09,,0.0,,0.0
1739,Medium,Low,99.82%,0.00%,99.82%,0.18%,27.45,74.49,0.0,2.77,160.56,63.44,,16.0,,0.0
1740,Medium,Low,99.86%,0.00%,99.86%,0.14%,27.53,75.79,0.0,3.03,177.45,67.73,,2.0,,0.0
1741,Medium,Low,99.00%,0.00%,99.00%,1.00%,32.64,71.12,0.0,2.63,200.13,78.51,,0.0,,0.0
1743,High,Medium,62.20%,28.34%,9.46%,62.20%,24.5,91.93,10.32,8.98,216.67,81.02,,16.0,,0.0
1746,High,Medium,63.03%,31.81%,5.16%,63.03%,26.3,52.0,0.0,10.5,121.93,48.77,,8.0,,0.0
1749,Low,Medium,65.38%,30.48%,4.15%,65.38%,27.4,56.0,0.0,8.7,112.55,45.02,,8.0,,0.0
1750,High,Medium,66.21%,30.01%,3.78%,66.21%,21.5,80.0,0.0,7.8,102.67,41.07,,12.0,,0.0
1834,Medium,Low,99.96%,0.00%,99.96%,0.04%,32.07,72.09,0.0,3.81,172.44,72.13,,10.0,,0.0
1838,High,Medium,62.34%,31.05%,6.61%,62.34%,31.36,74.31,0.67,4.02,183.55,69.79,,14.0,,0.0
1839,High,Medium,64.22%,32.25%,3.53%,64.22%,30.83,65.19,0.0,3.58,223.58,85.06,,16.0,,0.0
1840,Low,Medium,63.17%,32.74%,4.09%,63.17%,33.45,63.94,0.0,2.99,214.71,82.07,,10.0,,0.0
1842,Low,Medium,59.06%,37.94%,3.00%,59.06%,27.02,69.97,0.0,3.2,172.29,67.7,,10.0,,0.0
1847,High,Medium,59.11%,34.21%,6.68%,59.11%,26.33,76.84,0.0,3.52,158.26,60.71,,0.0,,0.0
1848,Low,Medium,53.09%,0.00%,46.91%,53.09%,24.78,91.26,0.1,5.95,164.53,64.44,,2.0,,0.0
1851,Low,Medium,74.88%,0.00%,25.12%,74.88%,22.41,94.94,30.0,9.38,196.15,70.14,,10.0,,0.0
1852,Low,Medium,78.28%,0.00%,21.71%,78.28%,29.86,66.94,0.0,2.89,227.72,82.6,,2.0,,0.0
1853,Low,Medium,80.18%,0.00%,19.82%,80.18%,24.33,79.88,0.0,4.1,167.8,68.61,,8.0,,0.0
1854,Low,Medium,80.92%,0.00%,19.08%,80.92%,29.74,72.18,0.0,2.62,182.81,74.8,,4.0,,0.0
1856,Medium,Low,52.53%,0.00%,52.53%,47.47%,15.5,96.0,0.0,7.2,61.93,24.77,,0.0,,0.0
1857,Low,Medium,66.98%,0.00%,33.02%,66.98%,17.6,67.0,0.0,7.8,91.3,36.52,,14.0,,0.0
1858,Low,Medium,79.17%,0.00%,20.83%,79.17%,22.2,64.0,0.0,3.8,61.35,24.54,,4.0,,0.0
1859,Low,Medium,82.29%,0.00%,17.71%,82.29%,24.8,51.0,0.0,5.0,59.3,23.72,,6.0,,0.0
1860,Low,Medium,87.58%,0.00%,12.42%,87.58%,18.1,69.0,0.0,7.4,73.17,29.27,,16.0,,0.0
1861,Low,Medium,85.28%,0.00%,14.72%,85.28%,26.1,44.0,0.0,10.0,86.91,34.76,,8.0,,0.0
1862,Low,Medium,85.92%,0.00%,14.08%,85.92%,19.1,90.0,0.0,8.3,85.18,34.07,,16.0,,0.0
1864,Low,Medium,79.33%,0.00%,20.67%,79.33%,14.4,62.0,0.0,8.7,81.41,32.56,,20.0,,1.0
1865,Low,Medium,82.56%,0.00%,17.44%,82.56%,14.2,60.0,0.0,9.2,91.88,36.75,,22.0,,1.0
1866,Low,Medium,86.21%,0.00%,13.79%,86.21%,26.4,27.0,0.0,11.6,86.81,34.72,,8.0,,0.0
1867,Low,Medium,86.03%,0.00%,13.97%,86.03%,16.1,67.0,0.0,1.8,62.63,25.05,,2.0,,0.0
1868,Low,Medium,85.62%,0.00%,14.38%,85.62%,19.9,58.0,0.0,9.1,84.31,33.72,,12.0,,0.0
1869,Low,Medium,84.84%,0.00%,15.16%,84.84%,25.3,41.0,0.0,4.2,87.17,34.87,,12.0,,0.0
1870,Low,Medium,87.63%,0.00%,12.37%,87.63%,22.6,70.0,0.0,5.5,90.59,36.24,,18.0,,1.0
1871,Low,Medium,86.48%,0.00%,13.52%,86.48%,30.8,41.0,0.0,13.3,81.78,32.71,,10.0,,0.0
1872,Low,Medium,85.28%,0.00%,14.72%,85.28%,24.4,70.0,0.0,11.0,79.99,32.0,,14.0,,0.0
1873,Low,Medium,84.63%,0.00%,15.37%,84.63%,31.8,40.0,0.0,14.7,88.94,35.58,,8.0,,0.0
1874,Low,Medium,87.51%,0.00%,12.49%,87.51%,22.5,85.0,0.0,11.4,90.12,36.05,,20.0,,1.0
1876,Low,Medium,82.74%,0.00%,17.26%,82.74%,27.0,41.0,0.0,7.1,83.61,33.45,,12.0,,0.0
1877,Low,Medium,87.75%,0.00%,12.25%,87.75%,20.8,52.0,0.0,6.5,86.28,34.51,,18.0,,1.0
1878,Low,Medium,83.57%,0.00%,16.43%,83.57%,19.1,58.0,0.0,6.5,90.24,36.1,,22.0,,1.0
1879,Low,Medium,85.51%,0.00%,14.49%,85.51%,24.8,51.0,0.0,6.9,96.31,38.52,,14.0,,0.0
1880,Low,Medium,87.46%,0.00%,12.54%,87.46%,24.5,73.0,0.0,11.4,84.83,33.93,,2.0,,0.0
1881,Low,Medium,83.82%,0.00%,16.18%,83.82%,31.3,43.0,0.0,2.7,113.09,45.24,,8.0,,0.0
1882,Low,Medium,68.59%,0.00%,31.41%,68.59%,22.0,89.0,0.6,6.6,92.72,37.09,,10.0,,0.0
1883,Low,Medium,66.15%,0.00%,33.85%,66.15%,21.3,91.0,0.0,10.2,98.68,39.47,,14.0,,0.0
1884,Low,Medium,70.98%,0.00%,29.02%,70.98%,21.1,94.0,0.0,6.1,100.49,40.19,,14.0,,0.0
1885,Low,Medium,73.40%,0.00%,26.60%,73.40%,18.3,99.0,0.0,7.4,106.16,42.47,,22.0,,1.0
1886,Low,Medium,82.90%,0.00%,17.10%,82.90%,22.5,81.0,0.0,3.0,107.23,42.89,,18.0,,1.0
1887,Low,Medium,79.49%,0.00%,20.51%,79.49%,32.5,42.0,0.0,11.1,100.65,40.26,,10.0,,0.0
1888,Low,Medium,70.98%,0.00%,29.02%,70.98%,21.6,98.0,0.0,7.1,106.91,42.77,,20.0,,1.0
1891,Low,Medium,72.52%,0.00%,27.48%,72.52%,26.2,75.0,0.1,12.0,99.87,39.95,,8.0,,0.0
1894,Low,Medium,83.73%,0.00%,16.27%,83.73%,21.8,73.0,0.0,5.1,111.35,44.54,,22.0,,1.0
1895,Low,Medium,83.80%,0.00%,16.20%,83.80%,25.0,59.0,0.0,5.9,107.85,43.14,,18.0,,1.0
1896,Low,Medium,73.76%,0.00%,26.24%,73.76%,29.0,62.0,0.0,2.4,101.57,40.63,,2.0,,0.0
1897,Low,Medium,75.73%,0.00%,24.27%,75.73%,32.6,62.0,0.0,7.3,112.61,45.05,,2.0,,0.0
1898,Low,Medium,68.77%,0.00%,31.23%,68.77%,28.9,73.0,0.0,6.2,115.11,46.04,,18.0,,1.0
1899,Low,Medium,54.11%,0.00%,45.89%,54.11%,26.7,94.0,0.0,10.7,120.91,48.36,,22.0,,1.0
1901,Low,Medium,51.52%,0.00%,48.48%,51.52%,23.9,93.0,0.0,7.4,74.57,29.83,,0.0,,0.0
1903,Low,Medium,54.88%,0.00%,45.12%,54.88%,33.5,42.0,0.0,5.4,92.21,36.88,,6.0,,0.0
1904,Low,Medium,77.75%,0.00%,22.25%,77.75%,34.4,36.0,0.0,7.2,109.81,43.92,,8.0,,0.0
1907,Low,Medium,92.08%,0.00%,7.92%,92.08%,27.2,68.0,0.0,4.8,102.4,40.96,,16.0,,0.0
1909,Low,Medium,86.20%,0.00%,13.80%,86.20%,25.5,94.0,0.0,3.8,111.03,44.41,,20.0,,1.0
1911,Low,Medium,85.34%,0.00%,14.66%,85.34%,33.3,54.0,0.0,7.2,100.83,40.33,,6.0,,0.0
1912,Low,Medium,85.21%,0.00%,14.79%,85.21%,24.3,93.0,0.0,5.1,113.52,45.41,,22.0,,1.0
1913,Low,Medium,82.01%,0.00%,17.99%,82.01%,29.6,55.0,0.0,4.5,94.55,37.82,,16.0,,0.0
1914,Low,Medium,83.62%,0.01%,16.38%,83.62%,29.2,71.0,0.0,5.5,98.2,39.28,,16.0,,0.0
1917,Low,Medium,85.53%,0.00%,14.47%,85.53%,33.1,59.0,0.0,16.7,57.93,23.17,,4.0,,0.0
1918,Low,Medium,89.85%,0.00%,10.14%,89.85%,33.9,58.0,0.0,10.4,105.7,42.28,,8.0,,0.0
1919,Low,Medium,93.32%,0.00%,6.68%,93.32%,24.5,91.0,3.9,16.4,91.2,36.48,,16.0,,0.0
1920,Low,Medium,93.58%,0.00%,6.42%,93.58%,30.3,75.0,0.1,9.8,91.41,36.56,,4.0,,0.0
1924,Low,Medium,95.69%,0.00%,4.31%,95.69%,22.9,99.0,0.0,6.2,112.74,45.09,,20.0,,1.0
1925,Low,Medium,96.05%,0.00%,3.95%,96.05%,33.2,52.0,0.0,6.2,119.63,47.85,,8.0,,0.0
1927,Low,Medium,96.11%,0.00%,3.89%,96.11%,36.0,54.0,0.0,2.3,103.65,41.46,,4.0,,0.0
1928,Low,Medium,95.82%,0.00%,4.18%,95.82%,31.1,74.0,0.0,4.7,121.33,48.53,,12.0,,0.0
1929,Low,Medium,94.18%,0.00%,5.82%,94.18%,27.4,89.0,0.4,7.6,105.21,42.08,,10.0,,0.0
1934,Low,Medium,98.04%,0.03%,1.93%,98.04%,30.9,79.0,0.0,20.7,103.1,41.24,,2.0,,0.0
1936,Low,Medium,96.70%,0.01%,3.29%,96.70%,32.9,64.0,0.0,16.2,124.64,49.86,,10.0,,0.0
1937,Low,Medium,97.16%,0.01%,2.84%,97.16%,28.5,80.0,0.0,17.2,115.7,46.28,,12.0,,0.0
1938,Low,Medium,95.65%,0.00%,4.35%,95.65%,30.0,75.0,0.1,26.3,114.54,45.82,,10.0,,0.0
1940,Low,Medium,93.64%,0.00%,6.36%,93.64%,32.3,65.0,0.0,20.8,97.22,38.89,,6.0,,0.0
1942,Low,Medium,94.23%,0.00%,5.77%,94.23%,29.0,77.0,1.9,21.6,100.38,40.15,,4.0,,0.0
1946,Low,Medium,97.81%,0.00%,2.19%,97.81%,30.58,68.02,0.0,2.79,199.15,75.2,,6.0,,0.0
1947,Low,Medium,97.34%,0.00%,2.66%,97.34%,27.07,91.89,16.98,8.33,201.03,73.89,,18.0,,1.0
1959,Low,Medium,99.40%,0.00%,0.60%,99.40%,24.18,80.75,0.29,4.56,149.41,61.78,,18.0,,1.0
1961,Low,Medium,97.66%,0.00%,2.34%,97.66%,25.32,73.51,0.0,5.5,184.12,69.42,,12.0,,0.0
1964,Low,Medium,94.38%,0.00%,5.62%,94.38%,24.73,90.89,0.28,6.54,168.44,61.63,,16.0,,0.0
1965,Low,Medium,92.84%,0.00%,7.16%,92.84%,32.67,70.06,0.0,3.91,197.43,76.75,,14.0,,0.0
1967,Low,Medium,93.08%,0.00%,6.92%,93.08%,29.6,79.64,0.05,5.02,183.83,70.31,,8.0,,0.0
1968,Low,Medium,95.28%,0.00%,4.72%,95.28%,33.98,66.15,0.0,2.54,185.69,74.71,,12.0,,0.0
1972,Low,Medium,97.19%,0.00%,2.81%,97.19%,27.37,76.27,0.0,2.95,175.82,71.93,,4.0,,0.0
1977,Low,Medium,97.88%,0.00%,2.12%,97.88%,29.5,73.28,0.0,2.19,189.4,72.29,,0.0,,0.0
1978,Low,Medium,97.30%,0.00%,2.70%,97.30%,33.06,64.91,0.0,2.59,192.83,76.67,,10.0,,0.0
1979,Low,Medium,97.34%,0.00%,2.66%,97.34%,33.0,69.27,0.0,2.66,174.51,71.95,,14.0,,0.0
1980,Low,Medium,97.01%,0.00%,2.99%,97.01%,32.58,70.09,0.0,2.77,193.98,72.44,,2.0,,0.0
1981,Low,Medium,97.05%,0.00%,2.95%,97.05%,26.21,71.83,0.0,2.83,160.5,63.05,,16.0,,0.0
1983,Low,Medium,83.70%,0.00%,16.30%,83.70%,29.72,83.5,0.0,4.85,185.8,75.64,,8.0,,0.0
1984,Low,Medium,95.26%,0.00%,4.74%,95.26%,33.17,68.27,0.0,3.02,210.22,78.81,,12.0,,0.0
1988,Low,Medium,96.29%,0.00%,3.71%,96.29%,32.28,66.41,0.0,3.08,210.09,81.53,,22.0,,1.0
1997,Low,Medium,98.93%,0.02%,1.06%,98.93%,27.4,33.0,0.0,13.6,152.38,60.95,,10.0,,0.0
2000,Low,Medium,98.76%,0.00%,1.24%,98.76%,17.3,83.0,0.0,6.8,91.22,36.49,,2.0,,0.0
2004,Low,Medium,99.19%,0.00%,0.81%,99.19%,28.4,43.0,0.0,12.3,115.07,46.03,,10.0,,0.0
2013,Low,Medium,98.86%,0.00%,1.14%,98.86%,34.3,23.0,0.0,11.8,149.03,59.61,,8.0,,0.0
2015,Low,Medium,97.81%,0.00%,2.19%,97.81%,29.8,40.0,0.0,11.2,139.89,55.96,,12.0,,0.0
2021,High,Medium,90.14%,0.18%,9.68%,90.14%,26.7,63.0,0.0,6.3,168.83,67.53,,12.0,,0.0
2024,High,Medium,61.47%,33.07%,5.46%,61.47%,28.4,59.0,0.0,1.5,152.16,60.87,,4.0,,0.0
2026,High,Medium,62.89%,32.58%,4.54%,62.89%,26.1,86.0,0.0,5.1,158.89,63.56,,12.0,,0.0
2027,High,Medium,61.40%,33.68%,4.92%,61.40%,24.2,96.0,0.0,7.1,152.54,61.01,,14.0,,0.0
2032,High,Medium,65.29%,30.32%,4.39%,65.29%,23.9,92.0,0.0,9.0,156.79,62.72,,14.0,,0.0
2033,Low,Medium,64.00%,31.42%,4.58%,64.00%,23.2,96.0,0.0,5.5,128.17,51.27,,0.0,,0.0
2034,Low,Medium,61.16%,35.20%,3.64%,61.16%,28.7,67.0,0.0,4.3,149.24,59.7,,2.0,,0.0
2035,Low,Medium,61.20%,36.06%,2.74%,61.20%,25.7,90.0,0.0,9.8,178.37,71.35,,18.0,,1.0
2116,High,Low,89.09%,0.00%,89.09%,10.91%,32.4,26.0,0.0,13.1,150.7,60.28,,10.0,,0.0
2117,High,Low,90.79%,0.00%,90.79%,9.21%,23.0,47.0,0.0,8.6,152.4,60.96,,16.0,,0.0
2118,Low,Medium,63.35%,2.16%,34.48%,63.35%,30.0,33.0,0.0,6.5,114.91,45.96,,4.0,,0.0
2119,High,Medium,60.36%,25.30%,14.34%,60.36%,20.2,55.0,0.0,7.9,111.27,44.51,,0.0,,0.0
2121,Low,Medium,64.83%,29.60%,5.56%,64.83%,21.1,59.0,0.0,5.6,165.69,66.27,,20.0,,1.0
2122,High,Medium,66.63%,29.76%,3.61%,66.63%,26.1,59.0,0.0,6.7,152.65,61.06,,14.0,,0.0
2123,High,Medium,67.85%,29.06%,3.09%,67.85%,26.4,56.0,0.0,5.7,154.68,61.87,,16.0,,0.0
2127,High,Medium,68.90%,28.61%,2.50%,68.90%,30.3,48.0,0.0,2.2,188.42,75.37,,8.0,,0.0
2128,High,Medium,63.42%,32.42%,4.16%,63.42%,24.2,92.0,0.0,5.9,145.46,58.19,,2.0,,0.0
2209,Low,High,100.00%,100.00%,0.00%,0.00%,19.8,74.0,0.0,8.4,80.9,32.36,,14.0,,0.0
2210,Medium,High,100.00%,100.00%,0.00%,0.00%,24.9,48.0,0.0,11.4,84.52,33.81,,10.0,,0.0
2211,Medium,High,99.99%,99.99%,0.00%,0.01%,14.0,93.0,0.0,8.9,59.97,23.99,,0.0,,0.0
2213,Medium,High,100.00%,100.00%,0.00%,0.00%,21.9,85.0,0.0,6.9,92.19,36.88,,12.0,,0.0
2214,Medium,High,100.00%,100.00%,0.00%,0.00%,26.1,64.0,0.0,3.1,64.78,25.91,,4.0,,0.0
2217,Low,Medium,62.73%,33.49%,3.78%,62.73%,27.6,60.0,0.0,7.9,89.36,35.74,,10.0,,0.0
2218,High,Medium,60.55%,35.48%,3.97%,60.55%,19.6,98.0,0.0,5.4,91.42,36.57,,22.0,,1.0
2303,High,Low,100.00%,0.00%,100.00%,0.00%,33.42,67.31,0.0,3.61,192.56,73.43,,18.0,,1.0
2304,Medium,Low,99.48%,0.00%,99.48%,0.52%,27.15,80.08,0.0,4.79,189.75,74.34,,16.0,,0.0
2307,High,Medium,69.63%,19.74%,10.63%,69.63%,23.57,83.6,0.45,5.31,145.51,62.66,,22.0,,1.0
2309,High,Medium,63.90%,32.56%,3.54%,63.90%,30.95,65.53,0.0,2.77,226.75,80.76,,0.0,,0.0
2310,Low,Medium,64.50%,31.65%,3.86%,64.50%,31.3,71.06,0.0,2.17,192.29,75.33,,4.0,,0.0
2393,High,Low,99.68%,0.00%,99.68%,0.32%,26.2,96.0,0.1,11.7,129.0,51.6,,20.0,,1.0
2394,Medium,Low,99.65%,0.00%,99.65%,0.35%,26.4,92.0,0.0,6.3,115.65,46.26,,18.0,,1.0
2396,High,Medium,64.63%,30.99%,4.38%,64.63%,27.3,89.0,0.1,8.4,92.77,37.11,,2.0,,0.0
2397,High,Medium,64.13%,30.78%,5.09%,64.13%,34.2,62.0,0.0,17.5,139.57,55.83,,8.0,,0.0
2399,High,Medium,67.99%,29.39%,2.63%,67.99%,27.6,90.0,0.0,16.7,116.25,46.5,,22.0,,1.0
2401,High,Medium,63.13%,31.97%,4.91%,63.13%,27.8,86.0,0.0,15.6,135.1,54.04,,16.0,,0.0
2402,Low,Medium,67.05%,29.33%,3.62%,67.05%,29.5,82.0,0.3,15.0,135.26,54.1,,8.0,,0.0
2403,Low,Medium,62.31%,32.61%,5.08%,62.31%,26.0,95.0,0.3,12.2,137.75,55.1,,20.0,,1.0
2404,High,Medium,65.13%,31.44%,3.43%,65.13%,30.1,79.0,0.3,16.6,105.73,42.29,,6.0,,0.0
2407,Low,Medium,63.48%,32.24%,4.28%,63.48%,25.07,73.53,0.0,3.76,158.55,64.31,,0.0,,0.0
2489,High,Low,99.96%,0.00%,99.96%,0.04%,25.7,46.0,0.0,9.4,130.46,52.18,,14.0,,0.0
2490,Medium,Low,99.96%,0.00%,99.96%,0.04%,24.6,75.0,0.0,12.6,123.8,49.52,,14.0,,0.0
2491,Low,Medium,53.54%,10.89%,35.57%,53.54%,24.3,41.0,0.0,8.1,132.01,52.8,,14.0,,0.0
2492,High,Medium,63.46%,27.27%,9.27%,63.46%,24.7,36.0,0.0,5.9,127.42,50.97,,16.0,,0.0
2493,High,Medium,64.54%,24.17%,11.29%,64.54%,19.9,57.0,0.0,10.2,138.35,55.34,,20.0,,1.0
2497,High,Medium,67.36%,29.96%,2.67%,67.36%,23.7,64.0,0.0,4.7,100.74,40.29,,2.0,,0.0
2498,High,Medium,63.07%,32.76%,4.17%,63.07%,28.4,38.0,0.0,7.0,130.3,52.12,,12.0,,0.0
2500,High,Medium,62.14%,32.32%,5.55%,62.14%,33.0,32.0,0.0,13.7,102.44,40.98,,6.0,,0.0
2501,Low,Medium,61.91%,31.85%,6.24%,61.91%,33.0,36.0,0.0,20.2,133.89,53.55,,8.0,,0.0
2502,Low,Medium,65.19%,30.71%,4.10%,65.19%,24.2,58.0,0.0,10.2,109.82,43.93,,2.0,,0.0
2589,High,Low,95.79%,0.00%,95.79%,4.21%,25.4,95.0,0.0,13.9,162.35,64.94,,16.0,,0.0
2590,Medium,Low,96.26%,0.00%,96.26%,3.74%,27.6,89.0,0.0,15.2,166.3,66.52,,20.0,,1.0
2591,Low,Medium,71.47%,10.13%,18.40%,71.47%,30.3,74.0,0.3,22.6,134.11,53.64,,6.0,,0.0
2593,High,Medium,61.00%,30.99%,8.00%,61.00%,26.4,89.0,0.1,17.9,156.42,62.57,,20.0,,1.0
2594,High,Medium,64.13%,31.04%,4.82%,64.13%,28.5,79.0,1.9,30.2,136.76,54.7,,6.0,,0.0
2597,High,Medium,65.55%,30.80%,3.65%,65.55%,24.7,97.0,2.4,17.1,163.22,65.29,,18.0,,1.0
2598,Low,Medium,63.57%,32.08%,4.35%,63.57%,28.8,82.0,0.1,17.5,152.19,60.87,,6.0,,0.0
2599,High,Medium,69.52%,27.64%,2.83%,69.52%,30.4,76.0,0.1,18.3,168.11,67.25,,10.0,,0.0
2601,Low,Medium,67.45%,29.45%,3.10%,67.45%,30.0,80.0,0.0,13.8,171.85,68.74,,10.0,,0.0
2678,Medium,Low,100.00%,0.00%,100.00%,0.00%,24.5,97.0,0.0,4.8,126.48,50.59,,20.0,,1.0
2679,Medium,Low,100.00%,0.00%,100.00%,0.00%,22.4,94.0,0.0,5.8,133.82,53.53,,22.0,,1.0
2680,Low,Medium,66.03%,10.63%,23.34%,66.03%,32.7,67.0,0.0,13.0,117.16,46.86,,6.0,,0.0
2684,High,Medium,61.33%,32.85%,5.82%,61.33%,28.3,72.0,0.0,8.0,109.37,43.75,,14.0,,0.0
2687,Medium,High,52.32%,52.32%,2.46%,45.23%,28.7,69.0,0.0,10.4,103.2,41.28,,14.0,,0.0
2690,High,Medium,61.43%,34.69%,3.88%,61.43%,32.2,65.0,0.2,13.0,97.83,39.13,,4.0,,0.0
2773,High,Medium,66.15%,20.20%,13.65%,66.15%,33.0,22.0,0.0,2.2,1285.42,514.17,,8.0,,0.0
2774,High,Medium,66.23%,11.17%,22.60%,66.23%,21.6,78.0,0.0,7.2,876.67,350.67,,2.0,,0.0
2776,Low,Medium,64.39%,32.88%,2.73%,64.39%,32.4,29.0,0.0,4.3,1223.18,489.27,,10.0,,0.0
2777,Low,Medium,66.98%,31.11%,1.91%,66.98%,32.1,33.0,0.0,10.2,1245.52,498.21,,10.0,,0.0
2778,Low,Medium,68.79%,28.34%,2.87%,68.79%,24.6,64.0,0.0,8.0,1226.05,490.42,,14.0,,0.0
2780,High,Medium,64.64%,31.87%,3.49%,64.64%,23.6,50.0,0.0,9.0,1133.08,453.23,,16.0,,0.0
2782,High,Medium,64.14%,31.95%,3.92%,64.14%,24.2,71.0,0.0,5.4,1388.07,555.23,,14.0,,0.0
2784,High,Medium,65.23%,30.92%,3.86%,65.23%,20.5,96.0,0.4,4.0,970.0,388.0,,0.0,,0.0
2787,High,Medium,67.10%,28.29%,4.61%,67.10%,21.3,85.0,0.0,7.4,1460.05,584.02,,16.0,,0.0
2788,Low,Medium,80.53%,16.43%,3.05%,80.53%,29.2,57.0,0.0,5.8,1227.48,490.99,,4.0,,0.0
2864,Medium,Low,99.75%,0.00%,99.75%,0.25%,25.2,45.0,0.0,10.7,64.91,25.96,,10.0,,0.0
2866,High,Medium,58.50%,32.16%,9.34%,58.50%,12.1,82.0,0.0,8.3,64.4,25.76,,20.0,,1.0
2867,High,Medium,62.10%,31.59%,6.31%,62.10%,13.0,91.0,0.0,8.3,62.94,25.18,,20.0,,1.0
2868,High,Medium,63.49%,32.39%,4.12%,63.49%,12.5,92.0,0.0,7.9,46.79,18.72,,0.0,,0.0
2869,High,Medium,61.66%,33.71%,4.63%,61.66%,26.2,41.0,0.0,6.0,48.92,19.57,,6.0,,0.0
2872,Low,Medium,61.40%,34.76%,3.84%,61.40%,16.8,94.0,0.0,8.4,43.17,17.27,,0.0,,0.0
2875,Low,Medium,65.66%,30.52%,3.82%,65.66%,19.8,78.0,0.0,15.3,65.78,26.31,,20.0,,1.0
2876,Low,Medium,64.21%,31.73%,4.06%,64.21%,17.6,71.0,0.0,6.9,65.01,26.0,,14.0,,0.0
2877,High,Medium,65.13%,31.71%,3.16%,65.13%,22.6,70.0,0.0,11.7,66.27,26.51,,12.0,,0.0
2879,High,Medium,64.38%,32.37%,3.25%,64.38%,27.8,46.0,0.0,7.9,46.51,18.6,,6.0,,0.0
2881,High,Medium,62.97%,33.69%,3.34%,62.97%,26.9,30.0,0.0,10.2,60.27,24.11,,10.0,,0.0
2884,Low,Medium,64.72%,31.20%,4.08%,64.72%,25.1,70.0,0.0,9.8,59.16,23.66,,14.0,,0.0
2885,Low,Medium,65.87%,29.96%,4.17%,65.87%,32.3,29.0,0.0,9.5,74.57,29.83,,10.0,,0.0
2968,Medium,Low,100.00%,0.00%,100.00%,0.00%,33.07,68.39,0.0,3.39,189.9,72.84,,2.0,,0.0
2970,High,Medium,61.10%,24.05%,14.85%,61.10%,33.82,68.16,0.0,3.15,195.76,75.05,,14.0,,0.0
2971,High,Medium,62.89%,8.48%,28.63%,62.89%,30.07,76.83,0.0,4.88,169.55,68.17,,2.0,,0.0
2972,High,Low,93.07%,0.03%,93.07%,6.90%,28.74,83.37,0.29,5.09,175.69,71.91,,0.0,,0.0
2973,High,Medium,67.75%,17.52%,14.73%,67.75%,30.14,66.69,0.0,2.85,206.75,77.04,,18.0,,1.0
2974,High,Medium,63.45%,32.73%,3.83%,63.45%,32.1,65.53,0.0,3.55,212.64,82.51,,0.0,,0.0
2978,High,Medium,62.04%,34.36%,3.60%,62.04%,28.75,77.77,0.0,4.67,175.73,73.06,,0.0,,0.0
2979,Low,Medium,64.24%,32.78%,2.98%,64.24%,30.5,73.87,1.64,4.79,168.24,68.99,,10.0,,0.0
2980,High,Medium,63.30%,32.76%,3.93%,63.30%,30.63,66.98,0.0,2.78,230.78,81.18,,14.0,,0.0
2984,Low,Medium,64.01%,0.00%,35.99%,64.01%,29.31,75.91,0.02,5.22,213.54,79.54,,6.0,,0.0
2985,Low,Medium,57.92%,0.00%,42.07%,57.92%,25.1,77.5,0.04,4.82,177.78,69.75,,2.0,,0.0
2986,Low,Medium,64.17%,0.01%,35.82%,64.17%,32.11,65.78,0.0,3.02,211.97,78.15,,20.0,,1.0
2988,Low,Medium,63.62%,0.01%,36.37%,63.62%,27.36,69.13,0.0,2.62,166.57,63.26,,0.0,,0.0
2989,Low,Medium,69.46%,0.02%,30.52%,69.46%,31.45,71.98,0.0,2.34,190.06,71.93,,12.0,,0.0
2990,Low,Medium,68.85%,0.06%,31.09%,68.85%,29.91,78.64,0.0,4.71,186.42,70.75,,14.0,,0.0
2991,Low,Medium,66.42%,0.08%,33.51%,66.42%,30.78,72.82,0.84,4.64,159.48,61.88,,2.0,,0.0
2992,Low,Medium,68.50%,0.04%,31.46%,68.50%,28.76,66.58,0.0,2.94,192.57,73.11,,16.0,,0.0
2993,Low,Medium,69.23%,0.02%,30.75%,69.23%,26.62,79.46,0.14,4.88,190.08,77.12,,2.0,,0.0
2994,Low,Medium,73.40%,0.02%,26.58%,73.40%,30.73,73.75,0.11,4.99,166.54,64.73,,18.0,,1.0
2996,Low,Medium,68.45%,0.00%,31.55%,68.45%,30.76,65.61,0.0,3.47,217.46,79.48,,16.0,,0.0
2998,Low,Medium,75.88%,0.01%,24.11%,75.88%,26.46,73.28,0.0,3.02,157.62,61.68,,2.0,,0.0
3000,Low,Medium,73.88%,0.04%,26.08%,73.88%,31.44,69.84,0.0,2.71,192.07,72.77,,0.0,,0.0
3003,Low,Medium,72.71%,0.01%,27.27%,72.71%,25.18,82.07,0.0,4.49,173.94,66.7,,22.0,,1.0
3004,Low,Medium,68.88%,0.03%,31.10%,68.88%,33.35,67.95,0.0,3.31,198.22,77.35,,4.0,,0.0
3005,Low,Medium,64.90%,0.04%,35.07%,64.90%,26.64,74.78,0.0,2.32,160.03,62.51,,22.0,,1.0
3006,Low,Medium,66.34%,0.06%,33.60%,66.34%,26.13,74.16,0.0,3.66,157.48,59.78,,4.0,,0.0
3007,Low,Medium,67.19%,0.14%,32.66%,67.19%,33.13,67.47,0.0,3.3,191.3,70.9,,8.0,,0.0
3008,Low,Medium,68.31%,0.41%,31.29%,68.31%,32.5,64.2,0.0,3.15,226.75,84.48,,22.0,,1.0
3011,Low,Medium,73.34%,0.01%,26.66%,73.34%,26.28,74.32,0.0,3.31,159.0,60.23,,22.0,,1.0
3012,Low,Medium,73.00%,0.01%,26.99%,73.00%,33.61,65.53,0.0,2.57,187.75,70.35,,0.0,,0.0
3014,Low,Medium,74.10%,0.00%,25.90%,74.10%,25.56,75.81,0.19,5.52,183.49,71.87,,12.0,,0.0
3015,Low,Medium,72.21%,0.00%,27.78%,72.21%,23.53,95.58,13.73,8.82,184.26,74.83,,16.0,,0.0
3016,Low,Medium,70.41%,0.01%,29.58%,70.41%,33.4,62.79,0.0,3.53,187.6,69.32,,4.0,,0.0
3018,Low,Medium,69.50%,0.01%,30.49%,69.50%,30.07,78.32,0.59,5.13,182.47,72.35,,22.0,,1.0
3019,Low,Medium,73.39%,0.00%,26.61%,73.39%,31.62,76.03,0.0,2.99,192.98,77.61,,14.0,,0.0
3020,Low,Medium,74.24%,0.01%,25.75%,74.24%,27.86,74.15,0.01,5.72,212.52,77.59,,14.0,,0.0
3021,Low,Medium,68.21%,0.00%,31.78%,68.21%,34.1,65.94,0.0,3.17,184.33,71.68,,8.0,,0.0
3022,Low,Medium,70.25%,0.01%,29.74%,70.25%,33.56,66.74,0.0,2.68,201.12,79.38,,10.0,,0.0
3023,Low,Medium,68.96%,0.01%,31.03%,68.96%,24.64,82.03,0.1,4.79,153.88,64.31,,18.0,,1.0
3024,Low,Medium,70.09%,0.01%,29.90%,70.09%,26.36,74.27,0.0,3.28,141.81,59.35,,4.0,,0.0
3025,Low,Medium,68.51%,0.01%,31.48%,68.51%,33.62,64.66,0.0,2.93,209.94,78.76,,10.0,,0.0
3026,Low,Medium,67.69%,0.02%,32.29%,67.69%,34.13,65.43,0.0,3.21,175.89,68.24,,20.0,,1.0
3027,Low,Medium,67.57%,0.02%,32.41%,67.57%,27.85,75.15,0.0,3.26,177.74,68.87,,14.0,,0.0
3028,Low,Medium,68.97%,0.01%,31.02%,68.97%,26.62,69.87,0.0,2.57,175.76,65.94,,2.0,,0.0
3029,Low,Medium,65.23%,0.00%,34.77%,65.23%,23.92,82.85,0.0,5.3,161.23,64.68,,8.0,,0.0
3032,Low,Medium,59.18%,0.00%,40.82%,59.18%,28.88,74.88,0.0,4.47,209.09,80.3,,6.0,,0.0
3033,Low,Medium,60.24%,0.00%,39.76%,60.24%,15.9,87.0,0.0,5.1,125.27,50.11,,20.0,,1.0
3035,Low,Medium,75.22%,0.00%,24.78%,75.22%,17.0,87.0,0.0,6.5,120.03,48.01,,20.0,,1.0
3036,Low,Medium,74.62%,0.00%,25.38%,74.62%,20.3,66.0,0.0,7.2,114.81,45.92,,12.0,,0.0
3037,Low,Medium,66.29%,0.00%,33.71%,66.29%,23.4,48.0,0.0,8.6,96.13,38.45,,6.0,,0.0
3038,Medium,Low,65.61%,0.00%,65.61%,34.39%,23.3,62.0,0.0,6.5,88.23,35.29,,6.0,,0.0
3039,Medium,Low,65.53%,0.00%,65.53%,34.47%,25.7,43.0,0.0,5.2,126.2,50.48,,8.0,,0.0
3042,Low,Medium,66.64%,0.00%,33.36%,66.64%,17.8,75.0,0.0,8.4,132.81,53.12,,14.0,,0.0
3043,Low,Medium,73.62%,0.00%,26.38%,73.62%,27.4,52.0,0.0,6.0,118.01,47.2,,10.0,,0.0
3044,Low,Medium,76.81%,0.01%,23.18%,76.81%,16.3,86.0,0.0,6.1,121.1,48.44,,22.0,,1.0
3046,Low,Medium,68.92%,0.01%,31.07%,68.92%,19.2,93.0,0.0,5.2,111.57,44.63,,16.0,,0.0
3049,Low,Medium,70.19%,0.00%,29.81%,70.19%,18.0,93.0,0.0,6.1,89.64,35.85,,0.0,,0.0
3050,Low,Medium,84.55%,0.00%,15.45%,84.55%,28.6,46.0,0.0,2.2,94.45,37.78,,6.0,,0.0
3051,Low,Medium,81.21%,0.00%,18.79%,81.21%,29.7,42.0,0.0,7.9,128.68,51.47,,8.0,,0.0
3054,Low,Medium,72.98%,0.00%,27.02%,72.98%,19.1,93.0,0.0,5.4,125.12,50.05,,20.0,,1.0
3055,Low,Medium,68.55%,0.00%,31.44%,68.55%,21.2,75.0,0.0,7.1,118.15,47.26,,16.0,,0.0
3056,Low,Medium,68.81%,0.00%,31.19%,68.81%,33.5,27.0,0.0,2.8,141.89,56.76,,8.0,,0.0
3059,Low,Medium,84.53%,0.00%,15.47%,84.53%,28.6,60.0,0.0,6.2,119.17,47.67,,4.0,,0.0
3061,Low,Medium,87.50%,0.00%,12.50%,87.50%,22.4,84.0,0.0,4.0,149.51,59.8,,20.0,,1.0
3063,Low,Medium,88.26%,0.00%,11.74%,88.26%,22.6,88.0,0.0,4.5,150.82,60.33,,12.0,,0.0
3064,Low,Medium,87.74%,0.00%,12.26%,87.74%,21.2,89.0,0.0,8.5,104.42,41.77,,0.0,,0.0
3066,Low,Medium,80.52%,0.00%,19.48%,80.52%,22.0,89.0,0.0,3.3,147.0,58.8,,22.0,,1.0
3067,Low,Medium,79.63%,0.00%,20.37%,79.63%,20.4,96.0,0.0,4.4,132.54,53.02,,0.0,,0.0
3068,Low,Medium,79.12%,0.00%,20.88%,79.12%,24.9,68.0,0.0,5.9,160.77,64.31,,12.0,,0.0
3071,Low,Medium,80.19%,0.01%,19.80%,80.19%,22.6,95.0,0.0,4.5,158.7,63.48,,22.0,,1.0
3072,Low,Medium,80.28%,0.00%,19.71%,80.28%,27.4,68.0,0.0,4.0,149.88,59.95,,12.0,,0.0
3073,Low,Medium,80.82%,0.00%,19.17%,80.82%,22.9,87.0,0.0,8.3,126.0,50.4,,0.0,,0.0
3075,Low,Medium,81.75%,0.00%,18.24%,81.75%,34.6,37.0,0.0,7.3,179.1,71.64,,10.0,,0.0
3077,Low,Medium,80.72%,0.00%,19.27%,80.72%,29.6,62.0,0.0,6.8,172.65,69.06,,14.0,,0.0
3078,Low,Medium,81.74%,0.00%,18.26%,81.74%,38.4,29.0,0.0,1.6,165.75,66.3,,6.0,,0.0
3079,Low,Medium,81.25%,0.00%,18.75%,81.25%,25.1,95.0,0.0,3.7,186.06,74.42,,22.0,,1.0
3083,Low,Medium,90.86%,0.00%,9.14%,90.86%,33.5,54.0,0.0,14.4,171.41,68.56,,10.0,,0.0
3087,Low,Medium,92.70%,0.00%,7.30%,92.70%,35.1,36.0,0.0,6.6,158.56,63.42,,8.0,,0.0
3089,Low,Medium,91.83%,0.00%,8.17%,91.83%,29.8,72.0,0.0,3.7,134.78,53.91,,4.0,,0.0
3091,Low,Medium,88.68%,0.00%,11.32%,88.68%,24.6,100.0,3.9,9.4,139.51,55.81,,20.0,,1.0
3093,Low,Medium,84.67%,0.00%,15.32%,84.67%,27.2,78.0,0.0,7.3,90.45,36.18,,2.0,,0.0
3094,Low,Medium,86.20%,0.00%,13.80%,86.20%,26.1,87.0,0.0,7.4,156.5,62.6,,14.0,,0.0
3095,Low,Medium,83.79%,0.00%,16.21%,83.79%,28.1,76.0,0.0,5.5,136.18,54.47,,2.0,,0.0
3096,Low,Medium,83.86%,0.00%,16.14%,83.86%,26.3,85.0,0.0,6.4,151.37,60.55,,14.0,,0.0
3099,Low,Medium,88.27%,0.00%,11.73%,88.27%,30.3,68.0,0.0,9.0,128.13,51.25,,6.0,,0.0
3102,Low,Medium,88.78%,0.00%,11.22%,88.78%,29.4,80.0,0.0,10.2,186.62,74.65,,14.0,,0.0
3104,Low,Medium,80.23%,0.00%,19.77%,80.23%,27.2,86.0,0.0,5.2,142.98,57.19,,0.0,,0.0
3108,Low,Medium,88.93%,0.00%,11.07%,88.93%,27.2,84.0,0.0,15.6,162.35,64.94,,20.0,,1.0
3109,Low,Medium,89.68%,0.00%,10.32%,89.68%,31.4,71.0,0.3,15.0,156.46,62.58,,8.0,,0.0
3116,Low,Medium,92.87%,0.00%,7.13%,92.87%,25.5,92.0,0.2,12.3,178.59,71.43,,20.0,,1.0
3117,Low,Medium,91.15%,0.00%,8.85%,91.15%,26.9,87.0,2.4,15.1,146.42,58.57,,6.0,,0.0
3119,Low,Medium,85.10%,0.00%,14.90%,85.10%,33.65,65.54,0.0,3.02,217.66,81.47,,4.0,,0.0
3120,Low,Medium,83.02%,0.00%,16.98%,83.02%,27.87,74.03,0.0,3.43,167.41,70.05,,18.0,,1.0
3121,Low,Medium,78.00%,0.00%,22.00%,78.00%,27.73,94.65,16.53,8.05,187.49,68.94,,20.0,,1.0
3123,Low,Medium,79.48%,0.00%,20.52%,79.48%,33.84,63.54,0.0,3.08,176.42,72.29,,20.0,,1.0
3124,Low,Medium,79.17%,0.00%,20.83%,79.17%,31.35,73.62,0.0,3.59,172.88,71.34,,12.0,,0.0
3129,Low,Medium,84.42%,0.00%,15.58%,84.42%,23.75,79.7,0.54,4.83,169.48,64.83,,12.0,,0.0
3132,Low,Medium,85.20%,0.00%,14.80%,85.20%,24.8,85.48,0.03,5.19,173.84,71.2,,18.0,,1.0
3136,Low,Medium,91.25%,0.00%,8.75%,91.25%,24.08,80.05,0.0,5.17,157.36,65.69,,8.0,,0.0
3139,Low,Medium,93.66%,0.01%,6.34%,93.66%,18.3,76.0,0.0,7.3,110.8,44.32,,12.0,,0.0
3143,Low,Medium,91.47%,0.00%,8.53%,91.47%,12.2,88.0,0.0,8.2,112.14,44.86,,18.0,,1.0
3146,Low,Medium,92.23%,0.00%,7.77%,92.23%,16.9,71.0,0.0,7.2,112.78,45.11,,16.0,,0.0
3147,Low,Medium,91.05%,0.00%,8.95%,91.05%,14.6,79.0,0.0,7.8,119.78,47.91,,22.0,,1.0
3148,Low,Medium,85.41%,0.00%,14.58%,85.41%,23.1,54.0,0.0,8.0,92.67,37.07,,6.0,,0.0
3153,Low,Medium,88.70%,0.00%,11.30%,88.70%,27.6,44.0,0.0,8.4,142.94,57.18,,8.0,,0.0
3154,Low,Medium,92.26%,0.00%,7.74%,92.26%,17.5,80.0,0.0,6.9,85.55,34.22,,2.0,,0.0
3155,Low,Medium,93.09%,0.00%,6.91%,93.09%,16.7,96.0,0.0,5.9,115.22,46.09,,20.0,,1.0
3157,Low,Medium,88.96%,0.00%,11.04%,88.96%,18.3,88.0,0.0,6.9,111.74,44.7,,18.0,,1.0
3158,Low,Medium,88.15%,0.00%,11.85%,88.15%,18.9,90.0,0.0,8.5,112.21,44.88,,16.0,,0.0
3160,Low,Medium,81.49%,0.00%,18.51%,81.49%,17.7,91.0,0.0,8.7,111.67,44.67,,18.0,,1.0
3163,Low,Medium,89.00%,0.00%,11.00%,89.00%,21.7,83.0,0.0,9.1,84.01,33.6,,4.0,,0.0
